"TimeUTC","timestampInMs","requestPath","requestMethod","requestQueryString","responseStatusCode","requestId","requestUserAgent","level","environment","branch","vercelCache","type","function","host","deploymentDomain","deploymentId","durationMs","region","maxMemoryUsed","memorySize","message","projectId","traceId","sessionId","invocationId","instanceId","concurrency"
"2025-11-23 10:20:14",1763893214799,"thermo-app.vercel.app/api/extraction/extract-LDl_YFsxse/extract","POST","",-1,"8m7bp-1763893214672-8f8cb985546e","Mozilla/5.0 (Macintosh; Intel Mac OS X 10_15_7) AppleWebKit/537.36 (KHTML, like Gecko) Chrome/142.0.0.0 Safari/537.36","info","production","","","lambda","/api/extraction/[sessionId]/extract","thermo-app.vercel.app","thermo-app.vercel.app","dpl_FgdjQxfyBGKrXVZAis3u5q33sJYP",-1,"iad1",-1,-1,"[Extract] Extracting Table 8: Matrix of comparative P values from K-S analysis of pre-arc detrital zircon subpopulations (older than 285 Ma by U-Pb age) in sample subsets and individual samples (12JL5, COL5, COL9) having a Mogollon index less than 60","prj_pHSiEsC2LyGWcblkxotWsaEM6eKX","","","01KAR3MZHT8FMGTZ3NXN08519Q","",-1
"2025-11-23 10:20:14",1763893214798,"thermo-app.vercel.app/api/extraction/extract-LDl_YFsxse/extract","POST","",-1,"8m7bp-1763893214672-8f8cb985546e","Mozilla/5.0 (Macintosh; Intel Mac OS X 10_15_7) AppleWebKit/537.36 (KHTML, like Gecko) Chrome/142.0.0.0 Safari/537.36","info","production","","","lambda","/api/extraction/[sessionId]/extract","thermo-app.vercel.app","thermo-app.vercel.app","dpl_FgdjQxfyBGKrXVZAis3u5q33sJYP",-1,"iad1",-1,-1,"[Extract] Starting simplified extraction for session: extract-LDl_YFsxse","prj_pHSiEsC2LyGWcblkxotWsaEM6eKX","","","01KAR3MZHT8FMGTZ3NXN08519Q","",-1
"2025-11-23 10:20:14",1763893214778,"thermo-app.vercel.app/api/extraction/extract-LDl_YFsxse/extract","POST","",400,"8m7bp-1763893214672-8f8cb985546e","Mozilla/5.0 (Macintosh; Intel Mac OS X 10_15_7) AppleWebKit/537.36 (KHTML, like Gecko) Chrome/142.0.0.0 Safari/537.36","warning","production","","","lambda","/api/extraction/[sessionId]/extract","thermo-app.vercel.app","thermo-app.vercel.app","dpl_FgdjQxfyBGKrXVZAis3u5q33sJYP",226,"iad1",147,2048,"","prj_pHSiEsC2LyGWcblkxotWsaEM6eKX","","","01KAR3MZHT8FMGTZ3NXN08519Q","TFUGnhNSQd1Z",1
"2025-11-23 10:20:14",1763893214316,"thermo-app.vercel.app/api/extraction/extract-LDl_YFsxse/extract","POST","",-1,"8m7bp-1763893214182-e269a79a21eb","Mozilla/5.0 (Macintosh; Intel Mac OS X 10_15_7) AppleWebKit/537.36 (KHTML, like Gecko) Chrome/142.0.0.0 Safari/537.36","info","production","","","lambda","/api/extraction/[sessionId]/extract","thermo-app.vercel.app","thermo-app.vercel.app","dpl_FgdjQxfyBGKrXVZAis3u5q33sJYP",-1,"iad1",-1,-1,"[Extract] Extracting Table 7: Matrix of comparative P values from K-S analysis of pre-arc detrital zircon subpopulations (older than 285 Ma by U-Pb age) in sample subsets and sample DR having an arc index greater than 10 and a Mogollon index greater than 60 or a Mogollon index less than 60 but an arc index greater than 30","prj_pHSiEsC2LyGWcblkxotWsaEM6eKX","","","01KAR3MZ2EZD6JHFQB7H37TFRZ","",-1
"2025-11-23 10:20:14",1763893214315,"thermo-app.vercel.app/api/extraction/extract-LDl_YFsxse/extract","POST","",-1,"8m7bp-1763893214182-e269a79a21eb","Mozilla/5.0 (Macintosh; Intel Mac OS X 10_15_7) AppleWebKit/537.36 (KHTML, like Gecko) Chrome/142.0.0.0 Safari/537.36","info","production","","","lambda","/api/extraction/[sessionId]/extract","thermo-app.vercel.app","thermo-app.vercel.app","dpl_FgdjQxfyBGKrXVZAis3u5q33sJYP",-1,"iad1",-1,-1,"[Extract] Starting simplified extraction for session: extract-LDl_YFsxse","prj_pHSiEsC2LyGWcblkxotWsaEM6eKX","","","01KAR3MZ2EZD6JHFQB7H37TFRZ","",-1
"2025-11-23 10:20:14",1763893214286,"thermo-app.vercel.app/api/extraction/extract-LDl_YFsxse/extract","POST","",400,"8m7bp-1763893214182-e269a79a21eb","Mozilla/5.0 (Macintosh; Intel Mac OS X 10_15_7) AppleWebKit/537.36 (KHTML, like Gecko) Chrome/142.0.0.0 Safari/537.36","warning","production","","","lambda","/api/extraction/[sessionId]/extract","thermo-app.vercel.app","thermo-app.vercel.app","dpl_FgdjQxfyBGKrXVZAis3u5q33sJYP",223,"iad1",147,2048,"","prj_pHSiEsC2LyGWcblkxotWsaEM6eKX","","","01KAR3MZ2EZD6JHFQB7H37TFRZ","TFUGnhNSQd1Z",1
"2025-11-23 10:20:13",1763893213832,"thermo-app.vercel.app/api/extraction/extract-LDl_YFsxse/extract","POST","",-1,"8m7bp-1763893213712-55495b288907","Mozilla/5.0 (Macintosh; Intel Mac OS X 10_15_7) AppleWebKit/537.36 (KHTML, like Gecko) Chrome/142.0.0.0 Safari/537.36","info","production","","","lambda","/api/extraction/[sessionId]/extract","thermo-app.vercel.app","thermo-app.vercel.app","dpl_FgdjQxfyBGKrXVZAis3u5q33sJYP",-1,"iad1",-1,-1,"[Extract] Extracting Table 6: Matrix of comparative P values from K-S analysis of arc-derived detrital zircon subpopulations (U-Pb age younger than 285 Ma) in sample subsets and individual samples (GRF, DR) having an arc index greater than 10","prj_pHSiEsC2LyGWcblkxotWsaEM6eKX","","","01KAR3MYKP6V8B7S2AHRW3AS9G","",-1
"2025-11-23 10:20:13",1763893213831,"thermo-app.vercel.app/api/extraction/extract-LDl_YFsxse/extract","POST","",-1,"8m7bp-1763893213712-55495b288907","Mozilla/5.0 (Macintosh; Intel Mac OS X 10_15_7) AppleWebKit/537.36 (KHTML, like Gecko) Chrome/142.0.0.0 Safari/537.36","info","production","","","lambda","/api/extraction/[sessionId]/extract","thermo-app.vercel.app","thermo-app.vercel.app","dpl_FgdjQxfyBGKrXVZAis3u5q33sJYP",-1,"iad1",-1,-1,"[Extract] Starting simplified extraction for session: extract-LDl_YFsxse","prj_pHSiEsC2LyGWcblkxotWsaEM6eKX","","","01KAR3MYKP6V8B7S2AHRW3AS9G","",-1
"2025-11-23 10:20:13",1763893213814,"thermo-app.vercel.app/api/extraction/extract-LDl_YFsxse/extract","POST","",400,"8m7bp-1763893213712-55495b288907","Mozilla/5.0 (Macintosh; Intel Mac OS X 10_15_7) AppleWebKit/537.36 (KHTML, like Gecko) Chrome/142.0.0.0 Safari/537.36","warning","production","","","lambda","/api/extraction/[sessionId]/extract","thermo-app.vercel.app","thermo-app.vercel.app","dpl_FgdjQxfyBGKrXVZAis3u5q33sJYP",226,"iad1",147,2048,"","prj_pHSiEsC2LyGWcblkxotWsaEM6eKX","","","01KAR3MYKP6V8B7S2AHRW3AS9G","TFUGnhNSQd1Z",1
"2025-11-23 10:20:13",1763893213362,"thermo-app.vercel.app/api/extraction/extract-LDl_YFsxse/extract","POST","",-1,"8m7bp-1763893213232-c3b3e6d649a0","Mozilla/5.0 (Macintosh; Intel Mac OS X 10_15_7) AppleWebKit/537.36 (KHTML, like Gecko) Chrome/142.0.0.0 Safari/537.36","info","production","","","lambda","/api/extraction/[sessionId]/extract","thermo-app.vercel.app","thermo-app.vercel.app","dpl_FgdjQxfyBGKrXVZAis3u5q33sJYP",-1,"iad1",-1,-1,"[Extract] Extracting Table 5: Matrix of comparative P values from K-S analysis of total detrital zircon populations in sample subsets and individual samples (GRF, DR) having an arc index greater than 10","prj_pHSiEsC2LyGWcblkxotWsaEM6eKX","","","01KAR3MY4WZENTA8065W3SBTRM","",-1
"2025-11-23 10:20:13",1763893213362,"thermo-app.vercel.app/api/extraction/extract-LDl_YFsxse/extract","POST","",-1,"8m7bp-1763893213232-c3b3e6d649a0","Mozilla/5.0 (Macintosh; Intel Mac OS X 10_15_7) AppleWebKit/537.36 (KHTML, like Gecko) Chrome/142.0.0.0 Safari/537.36","info","production","","","lambda","/api/extraction/[sessionId]/extract","thermo-app.vercel.app","thermo-app.vercel.app","dpl_FgdjQxfyBGKrXVZAis3u5q33sJYP",-1,"iad1",-1,-1,"[Extract] Starting simplified extraction for session: extract-LDl_YFsxse","prj_pHSiEsC2LyGWcblkxotWsaEM6eKX","","","01KAR3MY4WZENTA8065W3SBTRM","",-1
"2025-11-23 10:20:13",1763893213340,"thermo-app.vercel.app/api/extraction/extract-LDl_YFsxse/extract","POST","",400,"8m7bp-1763893213232-c3b3e6d649a0","Mozilla/5.0 (Macintosh; Intel Mac OS X 10_15_7) AppleWebKit/537.36 (KHTML, like Gecko) Chrome/142.0.0.0 Safari/537.36","warning","production","","","lambda","/api/extraction/[sessionId]/extract","thermo-app.vercel.app","thermo-app.vercel.app","dpl_FgdjQxfyBGKrXVZAis3u5q33sJYP",225,"iad1",147,2048,"","prj_pHSiEsC2LyGWcblkxotWsaEM6eKX","","","01KAR3MY4WZENTA8065W3SBTRM","TFUGnhNSQd1Z",1
"2025-11-23 10:20:12",1763893212884,"thermo-app.vercel.app/api/extraction/extract-LDl_YFsxse/extract","POST","",-1,"8m7bp-1763893212746-62295058cc8f","Mozilla/5.0 (Macintosh; Intel Mac OS X 10_15_7) AppleWebKit/537.36 (KHTML, like Gecko) Chrome/142.0.0.0 Safari/537.36","info","production","","","lambda","/api/extraction/[sessionId]/extract","thermo-app.vercel.app","thermo-app.vercel.app","dpl_FgdjQxfyBGKrXVZAis3u5q33sJYP",-1,"iad1",-1,-1,"[Extract] Extracting Table 4: P values (intersample comparisons) from K-S analysis of U-Pb ages of detrital zircons in subsets of Cretaceous-Paleogene samples from the Sevier foreland of Utah and the flank of the Arizona-New Mexico Mogollon Highlands","prj_pHSiEsC2LyGWcblkxotWsaEM6eKX","","","01KAR3MXNXJMN0JK11EZ86QJNQ","",-1
"2025-11-23 10:20:12",1763893212883,"thermo-app.vercel.app/api/extraction/extract-LDl_YFsxse/extract","POST","",-1,"8m7bp-1763893212746-62295058cc8f","Mozilla/5.0 (Macintosh; Intel Mac OS X 10_15_7) AppleWebKit/537.36 (KHTML, like Gecko) Chrome/142.0.0.0 Safari/537.36","info","production","","","lambda","/api/extraction/[sessionId]/extract","thermo-app.vercel.app","thermo-app.vercel.app","dpl_FgdjQxfyBGKrXVZAis3u5q33sJYP",-1,"iad1",-1,-1,"[Extract] Starting simplified extraction for session: extract-LDl_YFsxse","prj_pHSiEsC2LyGWcblkxotWsaEM6eKX","","","01KAR3MXNXJMN0JK11EZ86QJNQ","",-1
"2025-11-23 10:20:12",1763893212861,"thermo-app.vercel.app/api/extraction/extract-LDl_YFsxse/extract","POST","",400,"8m7bp-1763893212746-62295058cc8f","Mozilla/5.0 (Macintosh; Intel Mac OS X 10_15_7) AppleWebKit/537.36 (KHTML, like Gecko) Chrome/142.0.0.0 Safari/537.36","warning","production","","","lambda","/api/extraction/[sessionId]/extract","thermo-app.vercel.app","thermo-app.vercel.app","dpl_FgdjQxfyBGKrXVZAis3u5q33sJYP",225,"iad1",147,2048,"","prj_pHSiEsC2LyGWcblkxotWsaEM6eKX","","","01KAR3MXNXJMN0JK11EZ86QJNQ","TFUGnhNSQd1Z",1
"2025-11-23 10:20:12",1763893212395,"thermo-app.vercel.app/api/extraction/extract-LDl_YFsxse/extract","POST","",-1,"wmxnc-1763893212065-8be53d67ef49","Mozilla/5.0 (Macintosh; Intel Mac OS X 10_15_7) AppleWebKit/537.36 (KHTML, like Gecko) Chrome/142.0.0.0 Safari/537.36","info","production","","","lambda","/api/extraction/[sessionId]/extract","thermo-app.vercel.app","thermo-app.vercel.app","dpl_FgdjQxfyBGKrXVZAis3u5q33sJYP",-1,"iad1",-1,-1,"[Extract] Extracting Table 3: Age subpopulations (U-Pb ages) in detrital zircon samples","prj_pHSiEsC2LyGWcblkxotWsaEM6eKX","","","01KAR3MX6M57CDEVRG9DM6Q9ZH","",-1
"2025-11-23 10:20:12",1763893212395,"thermo-app.vercel.app/api/extraction/extract-LDl_YFsxse/extract","POST","",-1,"wmxnc-1763893212065-8be53d67ef49","Mozilla/5.0 (Macintosh; Intel Mac OS X 10_15_7) AppleWebKit/537.36 (KHTML, like Gecko) Chrome/142.0.0.0 Safari/537.36","info","production","","","lambda","/api/extraction/[sessionId]/extract","thermo-app.vercel.app","thermo-app.vercel.app","dpl_FgdjQxfyBGKrXVZAis3u5q33sJYP",-1,"iad1",-1,-1,"[Extract] Starting simplified extraction for session: extract-LDl_YFsxse","prj_pHSiEsC2LyGWcblkxotWsaEM6eKX","","","01KAR3MX6M57CDEVRG9DM6Q9ZH","",-1
"2025-11-23 10:20:12",1763893212174,"thermo-app.vercel.app/api/extraction/extract-LDl_YFsxse/extract","POST","",400,"wmxnc-1763893212065-8be53d67ef49","Mozilla/5.0 (Macintosh; Intel Mac OS X 10_15_7) AppleWebKit/537.36 (KHTML, like Gecko) Chrome/142.0.0.0 Safari/537.36","warning","production","","","lambda","/api/extraction/[sessionId]/extract","thermo-app.vercel.app","thermo-app.vercel.app","dpl_FgdjQxfyBGKrXVZAis3u5q33sJYP",226,"iad1",147,2048,"","prj_pHSiEsC2LyGWcblkxotWsaEM6eKX","","","01KAR3MX6M57CDEVRG9DM6Q9ZH","TFUGnhNSQd1Z",1
"2025-11-23 10:20:11",1763893211733,"thermo-app.vercel.app/api/extraction/extract-LDl_YFsxse/extract","POST","",-1,"8m7bp-1763893211579-b9528fc15025","Mozilla/5.0 (Macintosh; Intel Mac OS X 10_15_7) AppleWebKit/537.36 (KHTML, like Gecko) Chrome/142.0.0.0 Safari/537.36","info","production","","","lambda","/api/extraction/[sessionId]/extract","thermo-app.vercel.app","thermo-app.vercel.app","dpl_FgdjQxfyBGKrXVZAis3u5q33sJYP",-1,"iad1",-1,-1,"[Extract] Extracting Table 2: Detrital modes of detrital zircon samples","prj_pHSiEsC2LyGWcblkxotWsaEM6eKX","","","01KAR3MWHAD598JYQ2XHT9AC81","",-1
"2025-11-23 10:20:11",1763893211733,"thermo-app.vercel.app/api/extraction/extract-LDl_YFsxse/extract","POST","",-1,"8m7bp-1763893211579-b9528fc15025","Mozilla/5.0 (Macintosh; Intel Mac OS X 10_15_7) AppleWebKit/537.36 (KHTML, like Gecko) Chrome/142.0.0.0 Safari/537.36","info","production","","","lambda","/api/extraction/[sessionId]/extract","thermo-app.vercel.app","thermo-app.vercel.app","dpl_FgdjQxfyBGKrXVZAis3u5q33sJYP",-1,"iad1",-1,-1,"[Extract] Starting simplified extraction for session: extract-LDl_YFsxse","prj_pHSiEsC2LyGWcblkxotWsaEM6eKX","","","01KAR3MWHAD598JYQ2XHT9AC81","",-1
"2025-11-23 10:20:11",1763893211690,"thermo-app.vercel.app/api/extraction/extract-LDl_YFsxse/extract","POST","",400,"8m7bp-1763893211579-b9528fc15025","Mozilla/5.0 (Macintosh; Intel Mac OS X 10_15_7) AppleWebKit/537.36 (KHTML, like Gecko) Chrome/142.0.0.0 Safari/537.36","warning","production","","","lambda","/api/extraction/[sessionId]/extract","thermo-app.vercel.app","thermo-app.vercel.app","dpl_FgdjQxfyBGKrXVZAis3u5q33sJYP",230,"iad1",147,2048,"","prj_pHSiEsC2LyGWcblkxotWsaEM6eKX","","","01KAR3MWHAD598JYQ2XHT9AC81","TFUGnhNSQd1Z",1
"2025-11-23 10:20:11",1763893211214,"thermo-app.vercel.app/api/extraction/extract-LDl_YFsxse/extract","POST","",-1,"8m7bp-1763893206147-e5b3b9549848","Mozilla/5.0 (Macintosh; Intel Mac OS X 10_15_7) AppleWebKit/537.36 (KHTML, like Gecko) Chrome/142.0.0.0 Safari/537.36","error","production","","","lambda","/api/extraction/[sessionId]/extract","thermo-app.vercel.app","thermo-app.vercel.app","dpl_FgdjQxfyBGKrXVZAis3u5q33sJYP",-1,"iad1",-1,-1,"[Extract] ❌ Failed to load table screenshot: Error: Supabase Storage download failed: {""url"":""https://ggkrikijxollyolifdqs.supabase.co/storage/v1/object/extractions/extract-LDl_YFsxse/images/tables/table-1.png""}
    at i (.next/server/chunks/[root-of-the-server]__c915217b._.js:1:4042)
    at async c (.next/server/chunks/_41fe5453._.js:1:2248)
    at async d (.next/server/chunks/_41fe5453._.js:47:5701)
    at async c (.next/server/chunks/_41fe5453._.js:47:6739)
    at async y (.next/server/chunks/_41fe5453._.js:47:7817)","prj_pHSiEsC2LyGWcblkxotWsaEM6eKX","","","01KAR3MQFRCD5PZBN67NNR8TQN","",-1
"2025-11-23 10:20:10",1763893210344,"thermo-app.vercel.app/api/extraction/extract-LDl_YFsxse/extract","POST","",-1,"8m7bp-1763893206147-e5b3b9549848","Mozilla/5.0 (Macintosh; Intel Mac OS X 10_15_7) AppleWebKit/537.36 (KHTML, like Gecko) Chrome/142.0.0.0 Safari/537.36","info","production","","","lambda","/api/extraction/[sessionId]/extract","thermo-app.vercel.app","thermo-app.vercel.app","dpl_FgdjQxfyBGKrXVZAis3u5q33sJYP",-1,"iad1",-1,-1,"[Extract] Loading table screenshot...","prj_pHSiEsC2LyGWcblkxotWsaEM6eKX","","","01KAR3MQFRCD5PZBN67NNR8TQN","",-1
"2025-11-23 10:20:10",1763893210344,"thermo-app.vercel.app/api/extraction/extract-LDl_YFsxse/extract","POST","",-1,"8m7bp-1763893206147-e5b3b9549848","Mozilla/5.0 (Macintosh; Intel Mac OS X 10_15_7) AppleWebKit/537.36 (KHTML, like Gecko) Chrome/142.0.0.0 Safari/537.36","info","production","","","lambda","/api/extraction/[sessionId]/extract","thermo-app.vercel.app","thermo-app.vercel.app","dpl_FgdjQxfyBGKrXVZAis3u5q33sJYP",-1,"iad1",-1,-1,"[Extract] ✓ Loaded paper index (9905 bytes)","prj_pHSiEsC2LyGWcblkxotWsaEM6eKX","","","01KAR3MQFRCD5PZBN67NNR8TQN","",-1
"2025-11-23 10:20:08",1763893208439,"thermo-app.vercel.app/api/extraction/extract-LDl_YFsxse/extract","POST","",-1,"8m7bp-1763893206147-e5b3b9549848","Mozilla/5.0 (Macintosh; Intel Mac OS X 10_15_7) AppleWebKit/537.36 (KHTML, like Gecko) Chrome/142.0.0.0 Safari/537.36","info","production","","","lambda","/api/extraction/[sessionId]/extract","thermo-app.vercel.app","thermo-app.vercel.app","dpl_FgdjQxfyBGKrXVZAis3u5q33sJYP",-1,"iad1",-1,-1,"[Extract] Loading paper context...","prj_pHSiEsC2LyGWcblkxotWsaEM6eKX","","","01KAR3MQFRCD5PZBN67NNR8TQN","",-1
"2025-11-23 10:20:06",1763893206693,"thermo-app.vercel.app/api/extraction/extract-LDl_YFsxse/extract","POST","",-1,"8m7bp-1763893206147-e5b3b9549848","Mozilla/5.0 (Macintosh; Intel Mac OS X 10_15_7) AppleWebKit/537.36 (KHTML, like Gecko) Chrome/142.0.0.0 Safari/537.36","info","production","","","lambda","/api/extraction/[sessionId]/extract","thermo-app.vercel.app","thermo-app.vercel.app","dpl_FgdjQxfyBGKrXVZAis3u5q33sJYP",-1,"iad1",-1,-1,"[Extract] Extracting Table 1: Samples for U-Pb ages of detrital zircons from Upper Cretaceous and Paleogene strata of the Cordilleran foreland (Utah) and the northern flank of the Mogollon Highlands (Arizona)","prj_pHSiEsC2LyGWcblkxotWsaEM6eKX","","","01KAR3MQFRCD5PZBN67NNR8TQN","",-1
"2025-11-23 10:20:06",1763893206689,"thermo-app.vercel.app/api/extraction/extract-LDl_YFsxse/extract","POST","",-1,"8m7bp-1763893206147-e5b3b9549848","Mozilla/5.0 (Macintosh; Intel Mac OS X 10_15_7) AppleWebKit/537.36 (KHTML, like Gecko) Chrome/142.0.0.0 Safari/537.36","info","production","","","lambda","/api/extraction/[sessionId]/extract","thermo-app.vercel.app","thermo-app.vercel.app","dpl_FgdjQxfyBGKrXVZAis3u5q33sJYP",-1,"iad1",-1,-1,"[Extract] Starting simplified extraction for session: extract-LDl_YFsxse","prj_pHSiEsC2LyGWcblkxotWsaEM6eKX","","","01KAR3MQFRCD5PZBN67NNR8TQN","",-1
"2025-11-23 10:20:06",1763893206520,"thermo-app.vercel.app/api/extraction/extract-LDl_YFsxse/extract","POST","",400,"8m7bp-1763893206147-e5b3b9549848","Mozilla/5.0 (Macintosh; Intel Mac OS X 10_15_7) AppleWebKit/537.36 (KHTML, like Gecko) Chrome/142.0.0.0 Safari/537.36","warning","production","","","lambda","/api/extraction/[sessionId]/extract","thermo-app.vercel.app","thermo-app.vercel.app","dpl_FgdjQxfyBGKrXVZAis3u5q33sJYP",4982,"iad1",147,2048,"","prj_pHSiEsC2LyGWcblkxotWsaEM6eKX","","","01KAR3MQFRCD5PZBN67NNR8TQN","TFUGnhNSQd1Z",1
"2025-11-23 10:20:03",1763893203798,"thermo-app.vercel.app/api/extraction/extract-LDl_YFsxse","GET","",-1,"6qzcw-1763893202092-b85dc88ba24f","Mozilla/5.0 (Macintosh; Intel Mac OS X 10_15_7) AppleWebKit/537.36 (KHTML, like Gecko) Chrome/142.0.0.0 Safari/537.36","info","production","","","lambda","/api/extraction/[sessionId]","thermo-app.vercel.app","thermo-app.vercel.app","dpl_FgdjQxfyBGKrXVZAis3u5q33sJYP",-1,"iad1",-1,-1,"[Session API] Retrieved session: extract-LDl_YFsxse, state: analyzed","prj_pHSiEsC2LyGWcblkxotWsaEM6eKX","","","01KAR3MK8P01KWHS5VQ9XTRNFQ","",-1
"2025-11-23 10:20:02",1763893202674,"thermo-app.vercel.app/samples","GET","",200,"fr2t5-1763893202568-a56bf2f48086","Mozilla/5.0 (Macintosh; Intel Mac OS X 10_15_7) AppleWebKit/537.36 (KHTML, like Gecko) Chrome/142.0.0.0 Safari/537.36","info","production","","","lambda","/samples","thermo-app.vercel.app","thermo-app.vercel.app","dpl_FgdjQxfyBGKrXVZAis3u5q33sJYP",11,"iad1",120,2048,"","prj_pHSiEsC2LyGWcblkxotWsaEM6eKX","","","01KAR3MKQK5R9H9ZMTWYEEEVPT","dMY5iMzpa7xb",1
"2025-11-23 10:20:02",1763893202472,"thermo-app.vercel.app/datasets","GET","",200,"xlt6g-1763893202367-b07babc436d9","Mozilla/5.0 (Macintosh; Intel Mac OS X 10_15_7) AppleWebKit/537.36 (KHTML, like Gecko) Chrome/142.0.0.0 Safari/537.36","info","production","","","lambda","/datasets","thermo-app.vercel.app","thermo-app.vercel.app","dpl_FgdjQxfyBGKrXVZAis3u5q33sJYP",16,"iad1",120,2048,"","prj_pHSiEsC2LyGWcblkxotWsaEM6eKX","","","01KAR3MKH8YSNM0MDCEPZ1B6TT","dMY5iMzpa7xb",1
"2025-11-23 10:20:02",1763893202261,"thermo-app.vercel.app/api/extraction/extract-LDl_YFsxse","GET","",-1,"6qzcw-1763893202092-b85dc88ba24f","Mozilla/5.0 (Macintosh; Intel Mac OS X 10_15_7) AppleWebKit/537.36 (KHTML, like Gecko) Chrome/142.0.0.0 Safari/537.36","info","production","","","lambda","/api/extraction/[sessionId]","thermo-app.vercel.app","thermo-app.vercel.app","dpl_FgdjQxfyBGKrXVZAis3u5q33sJYP",-1,"iad1",-1,-1,"[Session API] GET request for session: extract-LDl_YFsxse","prj_pHSiEsC2LyGWcblkxotWsaEM6eKX","","","01KAR3MK8P01KWHS5VQ9XTRNFQ","",-1
"2025-11-23 10:20:02",1763893202207,"thermo-app.vercel.app/samples","GET","",200,"426xh-1763893202092-4ed6401c7f26","Mozilla/5.0 (Macintosh; Intel Mac OS X 10_15_7) AppleWebKit/537.36 (KHTML, like Gecko) Chrome/142.0.0.0 Safari/537.36","info","production","","","lambda","/samples","thermo-app.vercel.app","thermo-app.vercel.app","dpl_FgdjQxfyBGKrXVZAis3u5q33sJYP",12,"iad1",120,2048,"","prj_pHSiEsC2LyGWcblkxotWsaEM6eKX","","","01KAR3MKF6VCFNW80072FZVAV3","dMY5iMzpa7xb",1
"2025-11-23 10:20:02",1763893202204,"thermo-app.vercel.app/datasets","GET","",200,"xlt6g-1763893202092-e14bc59d4b58","Mozilla/5.0 (Macintosh; Intel Mac OS X 10_15_7) AppleWebKit/537.36 (KHTML, like Gecko) Chrome/142.0.0.0 Safari/537.36","info","production","","","lambda","/datasets","thermo-app.vercel.app","thermo-app.vercel.app","dpl_FgdjQxfyBGKrXVZAis3u5q33sJYP",9,"iad1",120,2048,"","prj_pHSiEsC2LyGWcblkxotWsaEM6eKX","","","01KAR3MK8W4HDBJRHTTG0J43G7","dMY5iMzpa7xb",1
"2025-11-23 10:20:02",1763893202198,"thermo-app.vercel.app/api/extraction/extract-LDl_YFsxse","GET","",200,"6qzcw-1763893202092-b85dc88ba24f","Mozilla/5.0 (Macintosh; Intel Mac OS X 10_15_7) AppleWebKit/537.36 (KHTML, like Gecko) Chrome/142.0.0.0 Safari/537.36","info","production","","","lambda","/api/extraction/[sessionId]","thermo-app.vercel.app","thermo-app.vercel.app","dpl_FgdjQxfyBGKrXVZAis3u5q33sJYP",1578,"iad1",117,2048,"","prj_pHSiEsC2LyGWcblkxotWsaEM6eKX","","","01KAR3MK8P01KWHS5VQ9XTRNFQ","3lBCVKdMvSK7",1
"2025-11-23 10:20:01",1763893201571,"thermo-app.vercel.app/extraction/extract-LDl_YFsxse/extract","GET","tables=%5B%7B%22table_number%22%3A1%2C%22caption%22%3A%22Samples%20for%20U-Pb%20ages%20of%20detrital%20zircons%20from%20Upper%20Cretaceous%20and%20Paleogene%20strata%20of%20the%20Cordilleran%20foreland%20(Utah)%20and%20the%20northern%20flank%20of%20the%20M",200,"nkpft-1763893201237-676e6778264a","Mozilla/5.0 (Macintosh; Intel Mac OS X 10_15_7) AppleWebKit/537.36 (KHTML, like Gecko) Chrome/142.0.0.0 Safari/537.36","info","production","","","lambda","/extraction/[sessionId]/extract","thermo-app.vercel.app","thermo-app.vercel.app","dpl_FgdjQxfyBGKrXVZAis3u5q33sJYP",108,"iad1",120,2048,"","prj_pHSiEsC2LyGWcblkxotWsaEM6eKX","","","01KAR3MJN3MM6R45E20CWSM367","dMY5iMzpa7xb",1
"2025-11-23 10:15:00",1763892900687,"thermo-app.vercel.app/api/extraction/extract-LDl_YFsxse","GET","",-1,"jg8wr-1763892898903-fa60a9676e96","Mozilla/5.0 (Macintosh; Intel Mac OS X 10_15_7) AppleWebKit/537.36 (KHTML, like Gecko) Chrome/142.0.0.0 Safari/537.36","info","production","","","lambda","/api/extraction/[sessionId]","thermo-app.vercel.app","thermo-app.vercel.app","dpl_FgdjQxfyBGKrXVZAis3u5q33sJYP",-1,"iad1",-1,-1,"[Session API] Retrieved session: extract-LDl_YFsxse, state: analyzed","prj_pHSiEsC2LyGWcblkxotWsaEM6eKX","","","01KAR3BB67G765B51R46Z6V2SH","",-1
"2025-11-23 10:14:59",1763892899164,"thermo-app.vercel.app/api/extraction/extract-LDl_YFsxse","GET","",-1,"jg8wr-1763892898903-fa60a9676e96","Mozilla/5.0 (Macintosh; Intel Mac OS X 10_15_7) AppleWebKit/537.36 (KHTML, like Gecko) Chrome/142.0.0.0 Safari/537.36","info","production","","","lambda","/api/extraction/[sessionId]","thermo-app.vercel.app","thermo-app.vercel.app","dpl_FgdjQxfyBGKrXVZAis3u5q33sJYP",-1,"iad1",-1,-1,"[Session API] GET request for session: extract-LDl_YFsxse","prj_pHSiEsC2LyGWcblkxotWsaEM6eKX","","","01KAR3BB67G765B51R46Z6V2SH","",-1
"2025-11-23 10:14:59",1763892899015,"thermo-app.vercel.app/api/extraction/extract-LDl_YFsxse","GET","",200,"jg8wr-1763892898903-fa60a9676e96","Mozilla/5.0 (Macintosh; Intel Mac OS X 10_15_7) AppleWebKit/537.36 (KHTML, like Gecko) Chrome/142.0.0.0 Safari/537.36","info","production","","","lambda","/api/extraction/[sessionId]","thermo-app.vercel.app","thermo-app.vercel.app","dpl_FgdjQxfyBGKrXVZAis3u5q33sJYP",1697,"iad1",116,2048,"","prj_pHSiEsC2LyGWcblkxotWsaEM6eKX","","","01KAR3BB67G765B51R46Z6V2SH","3lBCVKdMvSK7",1
"2025-11-23 10:14:58",1763892898763,"thermo-app.vercel.app/api/extraction/extract-LDl_YFsxse/analyze","POST","",-1,"fr2t5-1763892831539-5d5dd6dc8084","Mozilla/5.0 (Macintosh; Intel Mac OS X 10_15_7) AppleWebKit/537.36 (KHTML, like Gecko) Chrome/142.0.0.0 Safari/537.36","info","production","","","lambda","/api/extraction/[sessionId]/analyze","thermo-app.vercel.app","thermo-app.vercel.app","dpl_FgdjQxfyBGKrXVZAis3u5q33sJYP",-1,"iad1",-1,-1,"[Analyze API] Analysis complete for session: extract-LDl_YFsxse","prj_pHSiEsC2LyGWcblkxotWsaEM6eKX","","","01KAR399P4SJTK67CHWSPVT7HZ","",-1
"2025-11-23 10:14:57",1763892897269,"thermo-app.vercel.app/api/extraction/extract-LDl_YFsxse/analyze","POST","",-1,"fr2t5-1763892831539-5d5dd6dc8084","Mozilla/5.0 (Macintosh; Intel Mac OS X 10_15_7) AppleWebKit/537.36 (KHTML, like Gecko) Chrome/142.0.0.0 Safari/537.36","info","production","","","lambda","/api/extraction/[sessionId]/analyze","thermo-app.vercel.app","thermo-app.vercel.app","dpl_FgdjQxfyBGKrXVZAis3u5q33sJYP",-1,"iad1",-1,-1,"[Analyze API] Uploaded tables.md","prj_pHSiEsC2LyGWcblkxotWsaEM6eKX","","","01KAR399P4SJTK67CHWSPVT7HZ","",-1
"2025-11-23 10:14:56",1763892896930,"thermo-app.vercel.app/api/extraction/extract-LDl_YFsxse/analyze","POST","",-1,"fr2t5-1763892831539-5d5dd6dc8084","Mozilla/5.0 (Macintosh; Intel Mac OS X 10_15_7) AppleWebKit/537.36 (KHTML, like Gecko) Chrome/142.0.0.0 Safari/537.36","info","production","","","lambda","/api/extraction/[sessionId]/analyze","thermo-app.vercel.app","thermo-app.vercel.app","dpl_FgdjQxfyBGKrXVZAis3u5q33sJYP",-1,"iad1",-1,-1,"[Analyze API] Uploaded paper-index.md","prj_pHSiEsC2LyGWcblkxotWsaEM6eKX","","","01KAR399P4SJTK67CHWSPVT7HZ","",-1
"2025-11-23 10:14:56",1763892896575,"thermo-app.vercel.app/api/extraction/extract-LDl_YFsxse/analyze","POST","",-1,"fr2t5-1763892831539-5d5dd6dc8084","Mozilla/5.0 (Macintosh; Intel Mac OS X 10_15_7) AppleWebKit/537.36 (KHTML, like Gecko) Chrome/142.0.0.0 Safari/537.36","info","production","","","lambda","/api/extraction/[sessionId]/analyze","thermo-app.vercel.app","thermo-app.vercel.app","dpl_FgdjQxfyBGKrXVZAis3u5q33sJYP",-1,"iad1",-1,-1,"[Analyze API] Generating and uploading markdown documentation...","prj_pHSiEsC2LyGWcblkxotWsaEM6eKX","","","01KAR399P4SJTK67CHWSPVT7HZ","",-1
"2025-11-23 10:14:56",1763892896575,"thermo-app.vercel.app/api/extraction/extract-LDl_YFsxse/analyze","POST","",-1,"fr2t5-1763892831539-5d5dd6dc8084","Mozilla/5.0 (Macintosh; Intel Mac OS X 10_15_7) AppleWebKit/537.36 (KHTML, like Gecko) Chrome/142.0.0.0 Safari/537.36","info","production","","","lambda","/api/extraction/[sessionId]/analyze","thermo-app.vercel.app","thermo-app.vercel.app","dpl_FgdjQxfyBGKrXVZAis3u5q33sJYP",-1,"iad1",-1,-1,"[Analyze API] Uploaded table-index.json","prj_pHSiEsC2LyGWcblkxotWsaEM6eKX","","","01KAR399P4SJTK67CHWSPVT7HZ","",-1
"2025-11-23 10:14:56",1763892896209,"thermo-app.vercel.app/api/extraction/extract-LDl_YFsxse/analyze","POST","",-1,"fr2t5-1763892831539-5d5dd6dc8084","Mozilla/5.0 (Macintosh; Intel Mac OS X 10_15_7) AppleWebKit/537.36 (KHTML, like Gecko) Chrome/142.0.0.0 Safari/537.36","info","production","","","lambda","/api/extraction/[sessionId]/analyze","thermo-app.vercel.app","thermo-app.vercel.app","dpl_FgdjQxfyBGKrXVZAis3u5q33sJYP",-1,"iad1",-1,-1,"[Analyze API] Uploaded plain text","prj_pHSiEsC2LyGWcblkxotWsaEM6eKX","","","01KAR399P4SJTK67CHWSPVT7HZ","",-1
"2025-11-23 10:14:54",1763892894766,"thermo-app.vercel.app/api/extraction/extract-LDl_YFsxse/analyze","POST","",-1,"fr2t5-1763892831539-5d5dd6dc8084","Mozilla/5.0 (Macintosh; Intel Mac OS X 10_15_7) AppleWebKit/537.36 (KHTML, like Gecko) Chrome/142.0.0.0 Safari/537.36","info","production","","","lambda","/api/extraction/[sessionId]/analyze","thermo-app.vercel.app","thermo-app.vercel.app","dpl_FgdjQxfyBGKrXVZAis3u5q33sJYP",-1,"iad1",-1,-1,"[Analyze API] Uploading analysis files to Supabase Storage...","prj_pHSiEsC2LyGWcblkxotWsaEM6eKX","","","01KAR399P4SJTK67CHWSPVT7HZ","",-1
"2025-11-23 10:14:54",1763892894766,"thermo-app.vercel.app/api/extraction/extract-LDl_YFsxse/analyze","POST","",-1,"fr2t5-1763892831539-5d5dd6dc8084","Mozilla/5.0 (Macintosh; Intel Mac OS X 10_15_7) AppleWebKit/537.36 (KHTML, like Gecko) Chrome/142.0.0.0 Safari/537.36","info","production","","","lambda","/api/extraction/[sessionId]/analyze","thermo-app.vercel.app","thermo-app.vercel.app","dpl_FgdjQxfyBGKrXVZAis3u5q33sJYP",-1,"iad1",-1,-1,"[Analyze API] Cleaned up temp PDF file","prj_pHSiEsC2LyGWcblkxotWsaEM6eKX","","","01KAR399P4SJTK67CHWSPVT7HZ","",-1
"2025-11-23 10:14:54",1763892894764,"thermo-app.vercel.app/api/extraction/extract-LDl_YFsxse/analyze","POST","",-1,"fr2t5-1763892831539-5d5dd6dc8084","Mozilla/5.0 (Macintosh; Intel Mac OS X 10_15_7) AppleWebKit/537.36 (KHTML, like Gecko) Chrome/142.0.0.0 Safari/537.36","info","production","","","lambda","/api/extraction/[sessionId]/analyze","thermo-app.vercel.app","thermo-app.vercel.app","dpl_FgdjQxfyBGKrXVZAis3u5q33sJYP",-1,"iad1",-1,-1,"[Analyze API] Captured 0/21 figure screenshots","prj_pHSiEsC2LyGWcblkxotWsaEM6eKX","","","01KAR399P4SJTK67CHWSPVT7HZ","",-1
"2025-11-23 10:14:54",1763892894764,"thermo-app.vercel.app/api/extraction/extract-LDl_YFsxse/analyze","POST","",-1,"fr2t5-1763892831539-5d5dd6dc8084","Mozilla/5.0 (Macintosh; Intel Mac OS X 10_15_7) AppleWebKit/537.36 (KHTML, like Gecko) Chrome/142.0.0.0 Safari/537.36","error","production","","","lambda","/api/extraction/[sessionId]/analyze","thermo-app.vercel.app","thermo-app.vercel.app","dpl_FgdjQxfyBGKrXVZAis3u5q33sJYP",-1,"iad1",-1,-1,"[PDF Screenshot] Failed to render figure 21: PNG rendering disabled for serverless compatibility (text extraction still works)","prj_pHSiEsC2LyGWcblkxotWsaEM6eKX","","","01KAR399P4SJTK67CHWSPVT7HZ","",-1
"2025-11-23 10:14:54",1763892894763,"thermo-app.vercel.app/api/extraction/extract-LDl_YFsxse/analyze","POST","",-1,"fr2t5-1763892831539-5d5dd6dc8084","Mozilla/5.0 (Macintosh; Intel Mac OS X 10_15_7) AppleWebKit/537.36 (KHTML, like Gecko) Chrome/142.0.0.0 Safari/537.36","info","production","","","lambda","/api/extraction/[sessionId]/analyze","thermo-app.vercel.app","thermo-app.vercel.app","dpl_FgdjQxfyBGKrXVZAis3u5q33sJYP",-1,"iad1",-1,-1,"[PDF Screenshot] Capturing figure 21 from page 23...","prj_pHSiEsC2LyGWcblkxotWsaEM6eKX","","","01KAR399P4SJTK67CHWSPVT7HZ","",-1
"2025-11-23 10:14:54",1763892894763,"thermo-app.vercel.app/api/extraction/extract-LDl_YFsxse/analyze","POST","",-1,"fr2t5-1763892831539-5d5dd6dc8084","Mozilla/5.0 (Macintosh; Intel Mac OS X 10_15_7) AppleWebKit/537.36 (KHTML, like Gecko) Chrome/142.0.0.0 Safari/537.36","error","production","","","lambda","/api/extraction/[sessionId]/analyze","thermo-app.vercel.app","thermo-app.vercel.app","dpl_FgdjQxfyBGKrXVZAis3u5q33sJYP",-1,"iad1",-1,-1,"[PDF Screenshot] Failed to render figure 20: PNG rendering disabled for serverless compatibility (text extraction still works)","prj_pHSiEsC2LyGWcblkxotWsaEM6eKX","","","01KAR399P4SJTK67CHWSPVT7HZ","",-1
"2025-11-23 10:14:54",1763892894763,"thermo-app.vercel.app/api/extraction/extract-LDl_YFsxse/analyze","POST","",-1,"fr2t5-1763892831539-5d5dd6dc8084","Mozilla/5.0 (Macintosh; Intel Mac OS X 10_15_7) AppleWebKit/537.36 (KHTML, like Gecko) Chrome/142.0.0.0 Safari/537.36","info","production","","","lambda","/api/extraction/[sessionId]/analyze","thermo-app.vercel.app","thermo-app.vercel.app","dpl_FgdjQxfyBGKrXVZAis3u5q33sJYP",-1,"iad1",-1,-1,"[PDF Screenshot] Capturing figure 20 from page 23...","prj_pHSiEsC2LyGWcblkxotWsaEM6eKX","","","01KAR399P4SJTK67CHWSPVT7HZ","",-1
"2025-11-23 10:14:54",1763892894763,"thermo-app.vercel.app/api/extraction/extract-LDl_YFsxse/analyze","POST","",-1,"fr2t5-1763892831539-5d5dd6dc8084","Mozilla/5.0 (Macintosh; Intel Mac OS X 10_15_7) AppleWebKit/537.36 (KHTML, like Gecko) Chrome/142.0.0.0 Safari/537.36","error","production","","","lambda","/api/extraction/[sessionId]/analyze","thermo-app.vercel.app","thermo-app.vercel.app","dpl_FgdjQxfyBGKrXVZAis3u5q33sJYP",-1,"iad1",-1,-1,"[PDF Screenshot] Failed to render figure 19: PNG rendering disabled for serverless compatibility (text extraction still works)","prj_pHSiEsC2LyGWcblkxotWsaEM6eKX","","","01KAR399P4SJTK67CHWSPVT7HZ","",-1
"2025-11-23 10:14:54",1763892894762,"thermo-app.vercel.app/api/extraction/extract-LDl_YFsxse/analyze","POST","",-1,"fr2t5-1763892831539-5d5dd6dc8084","Mozilla/5.0 (Macintosh; Intel Mac OS X 10_15_7) AppleWebKit/537.36 (KHTML, like Gecko) Chrome/142.0.0.0 Safari/537.36","info","production","","","lambda","/api/extraction/[sessionId]/analyze","thermo-app.vercel.app","thermo-app.vercel.app","dpl_FgdjQxfyBGKrXVZAis3u5q33sJYP",-1,"iad1",-1,-1,"[PDF Screenshot] Capturing figure 19 from page 21...","prj_pHSiEsC2LyGWcblkxotWsaEM6eKX","","","01KAR399P4SJTK67CHWSPVT7HZ","",-1
"2025-11-23 10:14:54",1763892894762,"thermo-app.vercel.app/api/extraction/extract-LDl_YFsxse/analyze","POST","",-1,"fr2t5-1763892831539-5d5dd6dc8084","Mozilla/5.0 (Macintosh; Intel Mac OS X 10_15_7) AppleWebKit/537.36 (KHTML, like Gecko) Chrome/142.0.0.0 Safari/537.36","error","production","","","lambda","/api/extraction/[sessionId]/analyze","thermo-app.vercel.app","thermo-app.vercel.app","dpl_FgdjQxfyBGKrXVZAis3u5q33sJYP",-1,"iad1",-1,-1,"[PDF Screenshot] Failed to render figure 18: PNG rendering disabled for serverless compatibility (text extraction still works)","prj_pHSiEsC2LyGWcblkxotWsaEM6eKX","","","01KAR399P4SJTK67CHWSPVT7HZ","",-1
"2025-11-23 10:14:54",1763892894762,"thermo-app.vercel.app/api/extraction/extract-LDl_YFsxse/analyze","POST","",-1,"fr2t5-1763892831539-5d5dd6dc8084","Mozilla/5.0 (Macintosh; Intel Mac OS X 10_15_7) AppleWebKit/537.36 (KHTML, like Gecko) Chrome/142.0.0.0 Safari/537.36","info","production","","","lambda","/api/extraction/[sessionId]/analyze","thermo-app.vercel.app","thermo-app.vercel.app","dpl_FgdjQxfyBGKrXVZAis3u5q33sJYP",-1,"iad1",-1,-1,"[PDF Screenshot] Capturing figure 18 from page 20...","prj_pHSiEsC2LyGWcblkxotWsaEM6eKX","","","01KAR399P4SJTK67CHWSPVT7HZ","",-1
"2025-11-23 10:14:54",1763892894762,"thermo-app.vercel.app/api/extraction/extract-LDl_YFsxse/analyze","POST","",-1,"fr2t5-1763892831539-5d5dd6dc8084","Mozilla/5.0 (Macintosh; Intel Mac OS X 10_15_7) AppleWebKit/537.36 (KHTML, like Gecko) Chrome/142.0.0.0 Safari/537.36","error","production","","","lambda","/api/extraction/[sessionId]/analyze","thermo-app.vercel.app","thermo-app.vercel.app","dpl_FgdjQxfyBGKrXVZAis3u5q33sJYP",-1,"iad1",-1,-1,"[PDF Screenshot] Failed to render figure 17: PNG rendering disabled for serverless compatibility (text extraction still works)","prj_pHSiEsC2LyGWcblkxotWsaEM6eKX","","","01KAR399P4SJTK67CHWSPVT7HZ","",-1
"2025-11-23 10:14:54",1763892894762,"thermo-app.vercel.app/api/extraction/extract-LDl_YFsxse/analyze","POST","",-1,"fr2t5-1763892831539-5d5dd6dc8084","Mozilla/5.0 (Macintosh; Intel Mac OS X 10_15_7) AppleWebKit/537.36 (KHTML, like Gecko) Chrome/142.0.0.0 Safari/537.36","info","production","","","lambda","/api/extraction/[sessionId]/analyze","thermo-app.vercel.app","thermo-app.vercel.app","dpl_FgdjQxfyBGKrXVZAis3u5q33sJYP",-1,"iad1",-1,-1,"[PDF Screenshot] Capturing figure 17 from page 20...","prj_pHSiEsC2LyGWcblkxotWsaEM6eKX","","","01KAR399P4SJTK67CHWSPVT7HZ","",-1
"2025-11-23 10:14:54",1763892894761,"thermo-app.vercel.app/api/extraction/extract-LDl_YFsxse/analyze","POST","",-1,"fr2t5-1763892831539-5d5dd6dc8084","Mozilla/5.0 (Macintosh; Intel Mac OS X 10_15_7) AppleWebKit/537.36 (KHTML, like Gecko) Chrome/142.0.0.0 Safari/537.36","error","production","","","lambda","/api/extraction/[sessionId]/analyze","thermo-app.vercel.app","thermo-app.vercel.app","dpl_FgdjQxfyBGKrXVZAis3u5q33sJYP",-1,"iad1",-1,-1,"[PDF Screenshot] Failed to render figure 16: PNG rendering disabled for serverless compatibility (text extraction still works)","prj_pHSiEsC2LyGWcblkxotWsaEM6eKX","","","01KAR399P4SJTK67CHWSPVT7HZ","",-1
"2025-11-23 10:14:54",1763892894761,"thermo-app.vercel.app/api/extraction/extract-LDl_YFsxse/analyze","POST","",-1,"fr2t5-1763892831539-5d5dd6dc8084","Mozilla/5.0 (Macintosh; Intel Mac OS X 10_15_7) AppleWebKit/537.36 (KHTML, like Gecko) Chrome/142.0.0.0 Safari/537.36","info","production","","","lambda","/api/extraction/[sessionId]/analyze","thermo-app.vercel.app","thermo-app.vercel.app","dpl_FgdjQxfyBGKrXVZAis3u5q33sJYP",-1,"iad1",-1,-1,"[PDF Screenshot] Capturing figure 16 from page 19...","prj_pHSiEsC2LyGWcblkxotWsaEM6eKX","","","01KAR399P4SJTK67CHWSPVT7HZ","",-1
"2025-11-23 10:14:54",1763892894761,"thermo-app.vercel.app/api/extraction/extract-LDl_YFsxse/analyze","POST","",-1,"fr2t5-1763892831539-5d5dd6dc8084","Mozilla/5.0 (Macintosh; Intel Mac OS X 10_15_7) AppleWebKit/537.36 (KHTML, like Gecko) Chrome/142.0.0.0 Safari/537.36","error","production","","","lambda","/api/extraction/[sessionId]/analyze","thermo-app.vercel.app","thermo-app.vercel.app","dpl_FgdjQxfyBGKrXVZAis3u5q33sJYP",-1,"iad1",-1,-1,"[PDF Screenshot] Failed to render figure 15: PNG rendering disabled for serverless compatibility (text extraction still works)","prj_pHSiEsC2LyGWcblkxotWsaEM6eKX","","","01KAR399P4SJTK67CHWSPVT7HZ","",-1
"2025-11-23 10:14:54",1763892894761,"thermo-app.vercel.app/api/extraction/extract-LDl_YFsxse/analyze","POST","",-1,"fr2t5-1763892831539-5d5dd6dc8084","Mozilla/5.0 (Macintosh; Intel Mac OS X 10_15_7) AppleWebKit/537.36 (KHTML, like Gecko) Chrome/142.0.0.0 Safari/537.36","info","production","","","lambda","/api/extraction/[sessionId]/analyze","thermo-app.vercel.app","thermo-app.vercel.app","dpl_FgdjQxfyBGKrXVZAis3u5q33sJYP",-1,"iad1",-1,-1,"[PDF Screenshot] Capturing figure 15 from page 18...","prj_pHSiEsC2LyGWcblkxotWsaEM6eKX","","","01KAR399P4SJTK67CHWSPVT7HZ","",-1
"2025-11-23 10:14:54",1763892894760,"thermo-app.vercel.app/api/extraction/extract-LDl_YFsxse/analyze","POST","",-1,"fr2t5-1763892831539-5d5dd6dc8084","Mozilla/5.0 (Macintosh; Intel Mac OS X 10_15_7) AppleWebKit/537.36 (KHTML, like Gecko) Chrome/142.0.0.0 Safari/537.36","error","production","","","lambda","/api/extraction/[sessionId]/analyze","thermo-app.vercel.app","thermo-app.vercel.app","dpl_FgdjQxfyBGKrXVZAis3u5q33sJYP",-1,"iad1",-1,-1,"[PDF Screenshot] Failed to render figure 14: PNG rendering disabled for serverless compatibility (text extraction still works)","prj_pHSiEsC2LyGWcblkxotWsaEM6eKX","","","01KAR399P4SJTK67CHWSPVT7HZ","",-1
"2025-11-23 10:14:54",1763892894760,"thermo-app.vercel.app/api/extraction/extract-LDl_YFsxse/analyze","POST","",-1,"fr2t5-1763892831539-5d5dd6dc8084","Mozilla/5.0 (Macintosh; Intel Mac OS X 10_15_7) AppleWebKit/537.36 (KHTML, like Gecko) Chrome/142.0.0.0 Safari/537.36","info","production","","","lambda","/api/extraction/[sessionId]/analyze","thermo-app.vercel.app","thermo-app.vercel.app","dpl_FgdjQxfyBGKrXVZAis3u5q33sJYP",-1,"iad1",-1,-1,"[PDF Screenshot] Capturing figure 14 from page 17...","prj_pHSiEsC2LyGWcblkxotWsaEM6eKX","","","01KAR399P4SJTK67CHWSPVT7HZ","",-1
"2025-11-23 10:14:54",1763892894760,"thermo-app.vercel.app/api/extraction/extract-LDl_YFsxse/analyze","POST","",-1,"fr2t5-1763892831539-5d5dd6dc8084","Mozilla/5.0 (Macintosh; Intel Mac OS X 10_15_7) AppleWebKit/537.36 (KHTML, like Gecko) Chrome/142.0.0.0 Safari/537.36","error","production","","","lambda","/api/extraction/[sessionId]/analyze","thermo-app.vercel.app","thermo-app.vercel.app","dpl_FgdjQxfyBGKrXVZAis3u5q33sJYP",-1,"iad1",-1,-1,"[PDF Screenshot] Failed to render figure 13: PNG rendering disabled for serverless compatibility (text extraction still works)","prj_pHSiEsC2LyGWcblkxotWsaEM6eKX","","","01KAR399P4SJTK67CHWSPVT7HZ","",-1
"2025-11-23 10:14:54",1763892894760,"thermo-app.vercel.app/api/extraction/extract-LDl_YFsxse/analyze","POST","",-1,"fr2t5-1763892831539-5d5dd6dc8084","Mozilla/5.0 (Macintosh; Intel Mac OS X 10_15_7) AppleWebKit/537.36 (KHTML, like Gecko) Chrome/142.0.0.0 Safari/537.36","info","production","","","lambda","/api/extraction/[sessionId]/analyze","thermo-app.vercel.app","thermo-app.vercel.app","dpl_FgdjQxfyBGKrXVZAis3u5q33sJYP",-1,"iad1",-1,-1,"[PDF Screenshot] Capturing figure 13 from page 16...","prj_pHSiEsC2LyGWcblkxotWsaEM6eKX","","","01KAR399P4SJTK67CHWSPVT7HZ","",-1
"2025-11-23 10:14:54",1763892894759,"thermo-app.vercel.app/api/extraction/extract-LDl_YFsxse/analyze","POST","",-1,"fr2t5-1763892831539-5d5dd6dc8084","Mozilla/5.0 (Macintosh; Intel Mac OS X 10_15_7) AppleWebKit/537.36 (KHTML, like Gecko) Chrome/142.0.0.0 Safari/537.36","error","production","","","lambda","/api/extraction/[sessionId]/analyze","thermo-app.vercel.app","thermo-app.vercel.app","dpl_FgdjQxfyBGKrXVZAis3u5q33sJYP",-1,"iad1",-1,-1,"[PDF Screenshot] Failed to render figure 12: PNG rendering disabled for serverless compatibility (text extraction still works)","prj_pHSiEsC2LyGWcblkxotWsaEM6eKX","","","01KAR399P4SJTK67CHWSPVT7HZ","",-1
"2025-11-23 10:14:54",1763892894759,"thermo-app.vercel.app/api/extraction/extract-LDl_YFsxse/analyze","POST","",-1,"fr2t5-1763892831539-5d5dd6dc8084","Mozilla/5.0 (Macintosh; Intel Mac OS X 10_15_7) AppleWebKit/537.36 (KHTML, like Gecko) Chrome/142.0.0.0 Safari/537.36","info","production","","","lambda","/api/extraction/[sessionId]/analyze","thermo-app.vercel.app","thermo-app.vercel.app","dpl_FgdjQxfyBGKrXVZAis3u5q33sJYP",-1,"iad1",-1,-1,"[PDF Screenshot] Capturing figure 12 from page 15...","prj_pHSiEsC2LyGWcblkxotWsaEM6eKX","","","01KAR399P4SJTK67CHWSPVT7HZ","",-1
"2025-11-23 10:14:54",1763892894759,"thermo-app.vercel.app/api/extraction/extract-LDl_YFsxse/analyze","POST","",-1,"fr2t5-1763892831539-5d5dd6dc8084","Mozilla/5.0 (Macintosh; Intel Mac OS X 10_15_7) AppleWebKit/537.36 (KHTML, like Gecko) Chrome/142.0.0.0 Safari/537.36","error","production","","","lambda","/api/extraction/[sessionId]/analyze","thermo-app.vercel.app","thermo-app.vercel.app","dpl_FgdjQxfyBGKrXVZAis3u5q33sJYP",-1,"iad1",-1,-1,"[PDF Screenshot] Failed to render figure 11: PNG rendering disabled for serverless compatibility (text extraction still works)","prj_pHSiEsC2LyGWcblkxotWsaEM6eKX","","","01KAR399P4SJTK67CHWSPVT7HZ","",-1
"2025-11-23 10:14:54",1763892894759,"thermo-app.vercel.app/api/extraction/extract-LDl_YFsxse/analyze","POST","",-1,"fr2t5-1763892831539-5d5dd6dc8084","Mozilla/5.0 (Macintosh; Intel Mac OS X 10_15_7) AppleWebKit/537.36 (KHTML, like Gecko) Chrome/142.0.0.0 Safari/537.36","info","production","","","lambda","/api/extraction/[sessionId]/analyze","thermo-app.vercel.app","thermo-app.vercel.app","dpl_FgdjQxfyBGKrXVZAis3u5q33sJYP",-1,"iad1",-1,-1,"[PDF Screenshot] Capturing figure 11 from page 15...","prj_pHSiEsC2LyGWcblkxotWsaEM6eKX","","","01KAR399P4SJTK67CHWSPVT7HZ","",-1
"2025-11-23 10:14:54",1763892894758,"thermo-app.vercel.app/api/extraction/extract-LDl_YFsxse/analyze","POST","",-1,"fr2t5-1763892831539-5d5dd6dc8084","Mozilla/5.0 (Macintosh; Intel Mac OS X 10_15_7) AppleWebKit/537.36 (KHTML, like Gecko) Chrome/142.0.0.0 Safari/537.36","error","production","","","lambda","/api/extraction/[sessionId]/analyze","thermo-app.vercel.app","thermo-app.vercel.app","dpl_FgdjQxfyBGKrXVZAis3u5q33sJYP",-1,"iad1",-1,-1,"[PDF Screenshot] Failed to render figure 10: PNG rendering disabled for serverless compatibility (text extraction still works)","prj_pHSiEsC2LyGWcblkxotWsaEM6eKX","","","01KAR399P4SJTK67CHWSPVT7HZ","",-1
"2025-11-23 10:14:54",1763892894758,"thermo-app.vercel.app/api/extraction/extract-LDl_YFsxse/analyze","POST","",-1,"fr2t5-1763892831539-5d5dd6dc8084","Mozilla/5.0 (Macintosh; Intel Mac OS X 10_15_7) AppleWebKit/537.36 (KHTML, like Gecko) Chrome/142.0.0.0 Safari/537.36","info","production","","","lambda","/api/extraction/[sessionId]/analyze","thermo-app.vercel.app","thermo-app.vercel.app","dpl_FgdjQxfyBGKrXVZAis3u5q33sJYP",-1,"iad1",-1,-1,"[PDF Screenshot] Capturing figure 10 from page 14...","prj_pHSiEsC2LyGWcblkxotWsaEM6eKX","","","01KAR399P4SJTK67CHWSPVT7HZ","",-1
"2025-11-23 10:14:54",1763892894758,"thermo-app.vercel.app/api/extraction/extract-LDl_YFsxse/analyze","POST","",-1,"fr2t5-1763892831539-5d5dd6dc8084","Mozilla/5.0 (Macintosh; Intel Mac OS X 10_15_7) AppleWebKit/537.36 (KHTML, like Gecko) Chrome/142.0.0.0 Safari/537.36","error","production","","","lambda","/api/extraction/[sessionId]/analyze","thermo-app.vercel.app","thermo-app.vercel.app","dpl_FgdjQxfyBGKrXVZAis3u5q33sJYP",-1,"iad1",-1,-1,"[PDF Screenshot] Failed to render figure 9: PNG rendering disabled for serverless compatibility (text extraction still works)","prj_pHSiEsC2LyGWcblkxotWsaEM6eKX","","","01KAR399P4SJTK67CHWSPVT7HZ","",-1
"2025-11-23 10:14:54",1763892894757,"thermo-app.vercel.app/api/extraction/extract-LDl_YFsxse/analyze","POST","",-1,"fr2t5-1763892831539-5d5dd6dc8084","Mozilla/5.0 (Macintosh; Intel Mac OS X 10_15_7) AppleWebKit/537.36 (KHTML, like Gecko) Chrome/142.0.0.0 Safari/537.36","info","production","","","lambda","/api/extraction/[sessionId]/analyze","thermo-app.vercel.app","thermo-app.vercel.app","dpl_FgdjQxfyBGKrXVZAis3u5q33sJYP",-1,"iad1",-1,-1,"[PDF Screenshot] Capturing figure 9 from page 13...","prj_pHSiEsC2LyGWcblkxotWsaEM6eKX","","","01KAR399P4SJTK67CHWSPVT7HZ","",-1
"2025-11-23 10:14:54",1763892894757,"thermo-app.vercel.app/api/extraction/extract-LDl_YFsxse/analyze","POST","",-1,"fr2t5-1763892831539-5d5dd6dc8084","Mozilla/5.0 (Macintosh; Intel Mac OS X 10_15_7) AppleWebKit/537.36 (KHTML, like Gecko) Chrome/142.0.0.0 Safari/537.36","error","production","","","lambda","/api/extraction/[sessionId]/analyze","thermo-app.vercel.app","thermo-app.vercel.app","dpl_FgdjQxfyBGKrXVZAis3u5q33sJYP",-1,"iad1",-1,-1,"[PDF Screenshot] Failed to render figure 8: PNG rendering disabled for serverless compatibility (text extraction still works)","prj_pHSiEsC2LyGWcblkxotWsaEM6eKX","","","01KAR399P4SJTK67CHWSPVT7HZ","",-1
"2025-11-23 10:14:54",1763892894756,"thermo-app.vercel.app/api/extraction/extract-LDl_YFsxse/analyze","POST","",-1,"fr2t5-1763892831539-5d5dd6dc8084","Mozilla/5.0 (Macintosh; Intel Mac OS X 10_15_7) AppleWebKit/537.36 (KHTML, like Gecko) Chrome/142.0.0.0 Safari/537.36","info","production","","","lambda","/api/extraction/[sessionId]/analyze","thermo-app.vercel.app","thermo-app.vercel.app","dpl_FgdjQxfyBGKrXVZAis3u5q33sJYP",-1,"iad1",-1,-1,"[PDF Screenshot] Capturing figure 8 from page 13...","prj_pHSiEsC2LyGWcblkxotWsaEM6eKX","","","01KAR399P4SJTK67CHWSPVT7HZ","",-1
"2025-11-23 10:14:54",1763892894756,"thermo-app.vercel.app/api/extraction/extract-LDl_YFsxse/analyze","POST","",-1,"fr2t5-1763892831539-5d5dd6dc8084","Mozilla/5.0 (Macintosh; Intel Mac OS X 10_15_7) AppleWebKit/537.36 (KHTML, like Gecko) Chrome/142.0.0.0 Safari/537.36","error","production","","","lambda","/api/extraction/[sessionId]/analyze","thermo-app.vercel.app","thermo-app.vercel.app","dpl_FgdjQxfyBGKrXVZAis3u5q33sJYP",-1,"iad1",-1,-1,"[PDF Screenshot] Failed to render figure 7: PNG rendering disabled for serverless compatibility (text extraction still works)","prj_pHSiEsC2LyGWcblkxotWsaEM6eKX","","","01KAR399P4SJTK67CHWSPVT7HZ","",-1
"2025-11-23 10:14:54",1763892894756,"thermo-app.vercel.app/api/extraction/extract-LDl_YFsxse/analyze","POST","",-1,"fr2t5-1763892831539-5d5dd6dc8084","Mozilla/5.0 (Macintosh; Intel Mac OS X 10_15_7) AppleWebKit/537.36 (KHTML, like Gecko) Chrome/142.0.0.0 Safari/537.36","info","production","","","lambda","/api/extraction/[sessionId]/analyze","thermo-app.vercel.app","thermo-app.vercel.app","dpl_FgdjQxfyBGKrXVZAis3u5q33sJYP",-1,"iad1",-1,-1,"[PDF Screenshot] Capturing figure 7 from page 12...","prj_pHSiEsC2LyGWcblkxotWsaEM6eKX","","","01KAR399P4SJTK67CHWSPVT7HZ","",-1
"2025-11-23 10:14:54",1763892894752,"thermo-app.vercel.app/api/extraction/extract-LDl_YFsxse/analyze","POST","",-1,"fr2t5-1763892831539-5d5dd6dc8084","Mozilla/5.0 (Macintosh; Intel Mac OS X 10_15_7) AppleWebKit/537.36 (KHTML, like Gecko) Chrome/142.0.0.0 Safari/537.36","error","production","","","lambda","/api/extraction/[sessionId]/analyze","thermo-app.vercel.app","thermo-app.vercel.app","dpl_FgdjQxfyBGKrXVZAis3u5q33sJYP",-1,"iad1",-1,-1,"[PDF Screenshot] Failed to render figure 6: PNG rendering disabled for serverless compatibility (text extraction still works)","prj_pHSiEsC2LyGWcblkxotWsaEM6eKX","","","01KAR399P4SJTK67CHWSPVT7HZ","",-1
"2025-11-23 10:14:54",1763892894752,"thermo-app.vercel.app/api/extraction/extract-LDl_YFsxse/analyze","POST","",-1,"fr2t5-1763892831539-5d5dd6dc8084","Mozilla/5.0 (Macintosh; Intel Mac OS X 10_15_7) AppleWebKit/537.36 (KHTML, like Gecko) Chrome/142.0.0.0 Safari/537.36","info","production","","","lambda","/api/extraction/[sessionId]/analyze","thermo-app.vercel.app","thermo-app.vercel.app","dpl_FgdjQxfyBGKrXVZAis3u5q33sJYP",-1,"iad1",-1,-1,"[PDF Screenshot] Capturing figure 6 from page 10...","prj_pHSiEsC2LyGWcblkxotWsaEM6eKX","","","01KAR399P4SJTK67CHWSPVT7HZ","",-1
"2025-11-23 10:14:54",1763892894752,"thermo-app.vercel.app/api/extraction/extract-LDl_YFsxse/analyze","POST","",-1,"fr2t5-1763892831539-5d5dd6dc8084","Mozilla/5.0 (Macintosh; Intel Mac OS X 10_15_7) AppleWebKit/537.36 (KHTML, like Gecko) Chrome/142.0.0.0 Safari/537.36","error","production","","","lambda","/api/extraction/[sessionId]/analyze","thermo-app.vercel.app","thermo-app.vercel.app","dpl_FgdjQxfyBGKrXVZAis3u5q33sJYP",-1,"iad1",-1,-1,"[PDF Screenshot] Failed to render figure 5: PNG rendering disabled for serverless compatibility (text extraction still works)","prj_pHSiEsC2LyGWcblkxotWsaEM6eKX","","","01KAR399P4SJTK67CHWSPVT7HZ","",-1
"2025-11-23 10:14:54",1763892894752,"thermo-app.vercel.app/api/extraction/extract-LDl_YFsxse/analyze","POST","",-1,"fr2t5-1763892831539-5d5dd6dc8084","Mozilla/5.0 (Macintosh; Intel Mac OS X 10_15_7) AppleWebKit/537.36 (KHTML, like Gecko) Chrome/142.0.0.0 Safari/537.36","info","production","","","lambda","/api/extraction/[sessionId]/analyze","thermo-app.vercel.app","thermo-app.vercel.app","dpl_FgdjQxfyBGKrXVZAis3u5q33sJYP",-1,"iad1",-1,-1,"[PDF Screenshot] Capturing figure 5 from page 9...","prj_pHSiEsC2LyGWcblkxotWsaEM6eKX","","","01KAR399P4SJTK67CHWSPVT7HZ","",-1
"2025-11-23 10:14:54",1763892894751,"thermo-app.vercel.app/api/extraction/extract-LDl_YFsxse/analyze","POST","",-1,"fr2t5-1763892831539-5d5dd6dc8084","Mozilla/5.0 (Macintosh; Intel Mac OS X 10_15_7) AppleWebKit/537.36 (KHTML, like Gecko) Chrome/142.0.0.0 Safari/537.36","error","production","","","lambda","/api/extraction/[sessionId]/analyze","thermo-app.vercel.app","thermo-app.vercel.app","dpl_FgdjQxfyBGKrXVZAis3u5q33sJYP",-1,"iad1",-1,-1,"[PDF Screenshot] Failed to render figure 4: PNG rendering disabled for serverless compatibility (text extraction still works)","prj_pHSiEsC2LyGWcblkxotWsaEM6eKX","","","01KAR399P4SJTK67CHWSPVT7HZ","",-1
"2025-11-23 10:14:54",1763892894751,"thermo-app.vercel.app/api/extraction/extract-LDl_YFsxse/analyze","POST","",-1,"fr2t5-1763892831539-5d5dd6dc8084","Mozilla/5.0 (Macintosh; Intel Mac OS X 10_15_7) AppleWebKit/537.36 (KHTML, like Gecko) Chrome/142.0.0.0 Safari/537.36","info","production","","","lambda","/api/extraction/[sessionId]/analyze","thermo-app.vercel.app","thermo-app.vercel.app","dpl_FgdjQxfyBGKrXVZAis3u5q33sJYP",-1,"iad1",-1,-1,"[PDF Screenshot] Capturing figure 4 from page 8...","prj_pHSiEsC2LyGWcblkxotWsaEM6eKX","","","01KAR399P4SJTK67CHWSPVT7HZ","",-1
"2025-11-23 10:14:54",1763892894751,"thermo-app.vercel.app/api/extraction/extract-LDl_YFsxse/analyze","POST","",-1,"fr2t5-1763892831539-5d5dd6dc8084","Mozilla/5.0 (Macintosh; Intel Mac OS X 10_15_7) AppleWebKit/537.36 (KHTML, like Gecko) Chrome/142.0.0.0 Safari/537.36","error","production","","","lambda","/api/extraction/[sessionId]/analyze","thermo-app.vercel.app","thermo-app.vercel.app","dpl_FgdjQxfyBGKrXVZAis3u5q33sJYP",-1,"iad1",-1,-1,"[PDF Screenshot] Failed to render figure 3: PNG rendering disabled for serverless compatibility (text extraction still works)","prj_pHSiEsC2LyGWcblkxotWsaEM6eKX","","","01KAR399P4SJTK67CHWSPVT7HZ","",-1
"2025-11-23 10:14:54",1763892894751,"thermo-app.vercel.app/api/extraction/extract-LDl_YFsxse/analyze","POST","",-1,"fr2t5-1763892831539-5d5dd6dc8084","Mozilla/5.0 (Macintosh; Intel Mac OS X 10_15_7) AppleWebKit/537.36 (KHTML, like Gecko) Chrome/142.0.0.0 Safari/537.36","info","production","","","lambda","/api/extraction/[sessionId]/analyze","thermo-app.vercel.app","thermo-app.vercel.app","dpl_FgdjQxfyBGKrXVZAis3u5q33sJYP",-1,"iad1",-1,-1,"[PDF Screenshot] Capturing figure 3 from page 7...","prj_pHSiEsC2LyGWcblkxotWsaEM6eKX","","","01KAR399P4SJTK67CHWSPVT7HZ","",-1
"2025-11-23 10:14:54",1763892894750,"thermo-app.vercel.app/api/extraction/extract-LDl_YFsxse/analyze","POST","",-1,"fr2t5-1763892831539-5d5dd6dc8084","Mozilla/5.0 (Macintosh; Intel Mac OS X 10_15_7) AppleWebKit/537.36 (KHTML, like Gecko) Chrome/142.0.0.0 Safari/537.36","error","production","","","lambda","/api/extraction/[sessionId]/analyze","thermo-app.vercel.app","thermo-app.vercel.app","dpl_FgdjQxfyBGKrXVZAis3u5q33sJYP",-1,"iad1",-1,-1,"[PDF Screenshot] Failed to render figure 2: PNG rendering disabled for serverless compatibility (text extraction still works)","prj_pHSiEsC2LyGWcblkxotWsaEM6eKX","","","01KAR399P4SJTK67CHWSPVT7HZ","",-1
"2025-11-23 10:14:54",1763892894750,"thermo-app.vercel.app/api/extraction/extract-LDl_YFsxse/analyze","POST","",-1,"fr2t5-1763892831539-5d5dd6dc8084","Mozilla/5.0 (Macintosh; Intel Mac OS X 10_15_7) AppleWebKit/537.36 (KHTML, like Gecko) Chrome/142.0.0.0 Safari/537.36","info","production","","","lambda","/api/extraction/[sessionId]/analyze","thermo-app.vercel.app","thermo-app.vercel.app","dpl_FgdjQxfyBGKrXVZAis3u5q33sJYP",-1,"iad1",-1,-1,"[PDF Screenshot] Capturing figure 2 from page 6...","prj_pHSiEsC2LyGWcblkxotWsaEM6eKX","","","01KAR399P4SJTK67CHWSPVT7HZ","",-1
"2025-11-23 10:14:54",1763892894750,"thermo-app.vercel.app/api/extraction/extract-LDl_YFsxse/analyze","POST","",-1,"fr2t5-1763892831539-5d5dd6dc8084","Mozilla/5.0 (Macintosh; Intel Mac OS X 10_15_7) AppleWebKit/537.36 (KHTML, like Gecko) Chrome/142.0.0.0 Safari/537.36","error","production","","","lambda","/api/extraction/[sessionId]/analyze","thermo-app.vercel.app","thermo-app.vercel.app","dpl_FgdjQxfyBGKrXVZAis3u5q33sJYP",-1,"iad1",-1,-1,"[PDF Screenshot] Failed to render figure 1: PNG rendering disabled for serverless compatibility (text extraction still works)","prj_pHSiEsC2LyGWcblkxotWsaEM6eKX","","","01KAR399P4SJTK67CHWSPVT7HZ","",-1
"2025-11-23 10:14:54",1763892894749,"thermo-app.vercel.app/api/extraction/extract-LDl_YFsxse/analyze","POST","",-1,"fr2t5-1763892831539-5d5dd6dc8084","Mozilla/5.0 (Macintosh; Intel Mac OS X 10_15_7) AppleWebKit/537.36 (KHTML, like Gecko) Chrome/142.0.0.0 Safari/537.36","info","production","","","lambda","/api/extraction/[sessionId]/analyze","thermo-app.vercel.app","thermo-app.vercel.app","dpl_FgdjQxfyBGKrXVZAis3u5q33sJYP",-1,"iad1",-1,-1,"[PDF Screenshot] Capturing figure 1 from page 2...","prj_pHSiEsC2LyGWcblkxotWsaEM6eKX","","","01KAR399P4SJTK67CHWSPVT7HZ","",-1
"2025-11-23 10:14:54",1763892894749,"thermo-app.vercel.app/api/extraction/extract-LDl_YFsxse/analyze","POST","",-1,"fr2t5-1763892831539-5d5dd6dc8084","Mozilla/5.0 (Macintosh; Intel Mac OS X 10_15_7) AppleWebKit/537.36 (KHTML, like Gecko) Chrome/142.0.0.0 Safari/537.36","info","production","","","lambda","/api/extraction/[sessionId]/analyze","thermo-app.vercel.app","thermo-app.vercel.app","dpl_FgdjQxfyBGKrXVZAis3u5q33sJYP",-1,"iad1",-1,-1,"[Analyze API] Captured 0/8 table screenshots","prj_pHSiEsC2LyGWcblkxotWsaEM6eKX","","","01KAR399P4SJTK67CHWSPVT7HZ","",-1
"2025-11-23 10:14:54",1763892894748,"thermo-app.vercel.app/api/extraction/extract-LDl_YFsxse/analyze","POST","",-1,"fr2t5-1763892831539-5d5dd6dc8084","Mozilla/5.0 (Macintosh; Intel Mac OS X 10_15_7) AppleWebKit/537.36 (KHTML, like Gecko) Chrome/142.0.0.0 Safari/537.36","error","production","","","lambda","/api/extraction/[sessionId]/analyze","thermo-app.vercel.app","thermo-app.vercel.app","dpl_FgdjQxfyBGKrXVZAis3u5q33sJYP",-1,"iad1",-1,-1,"[PDF Screenshot] Failed to render table 8: PNG rendering disabled for serverless compatibility (text extraction still works)","prj_pHSiEsC2LyGWcblkxotWsaEM6eKX","","","01KAR399P4SJTK67CHWSPVT7HZ","",-1
"2025-11-23 10:14:54",1763892894748,"thermo-app.vercel.app/api/extraction/extract-LDl_YFsxse/analyze","POST","",-1,"fr2t5-1763892831539-5d5dd6dc8084","Mozilla/5.0 (Macintosh; Intel Mac OS X 10_15_7) AppleWebKit/537.36 (KHTML, like Gecko) Chrome/142.0.0.0 Safari/537.36","info","production","","","lambda","/api/extraction/[sessionId]/analyze","thermo-app.vercel.app","thermo-app.vercel.app","dpl_FgdjQxfyBGKrXVZAis3u5q33sJYP",-1,"iad1",-1,-1,"[PDF Screenshot] Capturing table 8 from page 11...","prj_pHSiEsC2LyGWcblkxotWsaEM6eKX","","","01KAR399P4SJTK67CHWSPVT7HZ","",-1
"2025-11-23 10:14:54",1763892894748,"thermo-app.vercel.app/api/extraction/extract-LDl_YFsxse/analyze","POST","",-1,"fr2t5-1763892831539-5d5dd6dc8084","Mozilla/5.0 (Macintosh; Intel Mac OS X 10_15_7) AppleWebKit/537.36 (KHTML, like Gecko) Chrome/142.0.0.0 Safari/537.36","error","production","","","lambda","/api/extraction/[sessionId]/analyze","thermo-app.vercel.app","thermo-app.vercel.app","dpl_FgdjQxfyBGKrXVZAis3u5q33sJYP",-1,"iad1",-1,-1,"[PDF Screenshot] Failed to render table 7: PNG rendering disabled for serverless compatibility (text extraction still works)","prj_pHSiEsC2LyGWcblkxotWsaEM6eKX","","","01KAR399P4SJTK67CHWSPVT7HZ","",-1
"2025-11-23 10:14:54",1763892894748,"thermo-app.vercel.app/api/extraction/extract-LDl_YFsxse/analyze","POST","",-1,"fr2t5-1763892831539-5d5dd6dc8084","Mozilla/5.0 (Macintosh; Intel Mac OS X 10_15_7) AppleWebKit/537.36 (KHTML, like Gecko) Chrome/142.0.0.0 Safari/537.36","info","production","","","lambda","/api/extraction/[sessionId]/analyze","thermo-app.vercel.app","thermo-app.vercel.app","dpl_FgdjQxfyBGKrXVZAis3u5q33sJYP",-1,"iad1",-1,-1,"[PDF Screenshot] Capturing table 7 from page 11...","prj_pHSiEsC2LyGWcblkxotWsaEM6eKX","","","01KAR399P4SJTK67CHWSPVT7HZ","",-1
"2025-11-23 10:14:54",1763892894747,"thermo-app.vercel.app/api/extraction/extract-LDl_YFsxse/analyze","POST","",-1,"fr2t5-1763892831539-5d5dd6dc8084","Mozilla/5.0 (Macintosh; Intel Mac OS X 10_15_7) AppleWebKit/537.36 (KHTML, like Gecko) Chrome/142.0.0.0 Safari/537.36","error","production","","","lambda","/api/extraction/[sessionId]/analyze","thermo-app.vercel.app","thermo-app.vercel.app","dpl_FgdjQxfyBGKrXVZAis3u5q33sJYP",-1,"iad1",-1,-1,"[PDF Screenshot] Failed to render table 6: PNG rendering disabled for serverless compatibility (text extraction still works)","prj_pHSiEsC2LyGWcblkxotWsaEM6eKX","","","01KAR399P4SJTK67CHWSPVT7HZ","",-1
"2025-11-23 10:14:54",1763892894747,"thermo-app.vercel.app/api/extraction/extract-LDl_YFsxse/analyze","POST","",-1,"fr2t5-1763892831539-5d5dd6dc8084","Mozilla/5.0 (Macintosh; Intel Mac OS X 10_15_7) AppleWebKit/537.36 (KHTML, like Gecko) Chrome/142.0.0.0 Safari/537.36","info","production","","","lambda","/api/extraction/[sessionId]/analyze","thermo-app.vercel.app","thermo-app.vercel.app","dpl_FgdjQxfyBGKrXVZAis3u5q33sJYP",-1,"iad1",-1,-1,"[PDF Screenshot] Capturing table 6 from page 10...","prj_pHSiEsC2LyGWcblkxotWsaEM6eKX","","","01KAR399P4SJTK67CHWSPVT7HZ","",-1
"2025-11-23 10:14:54",1763892894747,"thermo-app.vercel.app/api/extraction/extract-LDl_YFsxse/analyze","POST","",-1,"fr2t5-1763892831539-5d5dd6dc8084","Mozilla/5.0 (Macintosh; Intel Mac OS X 10_15_7) AppleWebKit/537.36 (KHTML, like Gecko) Chrome/142.0.0.0 Safari/537.36","error","production","","","lambda","/api/extraction/[sessionId]/analyze","thermo-app.vercel.app","thermo-app.vercel.app","dpl_FgdjQxfyBGKrXVZAis3u5q33sJYP",-1,"iad1",-1,-1,"[PDF Screenshot] Failed to render table 5: PNG rendering disabled for serverless compatibility (text extraction still works)","prj_pHSiEsC2LyGWcblkxotWsaEM6eKX","","","01KAR399P4SJTK67CHWSPVT7HZ","",-1
"2025-11-23 10:14:54",1763892894747,"thermo-app.vercel.app/api/extraction/extract-LDl_YFsxse/analyze","POST","",-1,"fr2t5-1763892831539-5d5dd6dc8084","Mozilla/5.0 (Macintosh; Intel Mac OS X 10_15_7) AppleWebKit/537.36 (KHTML, like Gecko) Chrome/142.0.0.0 Safari/537.36","info","production","","","lambda","/api/extraction/[sessionId]/analyze","thermo-app.vercel.app","thermo-app.vercel.app","dpl_FgdjQxfyBGKrXVZAis3u5q33sJYP",-1,"iad1",-1,-1,"[PDF Screenshot] Capturing table 5 from page 10...","prj_pHSiEsC2LyGWcblkxotWsaEM6eKX","","","01KAR399P4SJTK67CHWSPVT7HZ","",-1
"2025-11-23 10:14:54",1763892894746,"thermo-app.vercel.app/api/extraction/extract-LDl_YFsxse/analyze","POST","",-1,"fr2t5-1763892831539-5d5dd6dc8084","Mozilla/5.0 (Macintosh; Intel Mac OS X 10_15_7) AppleWebKit/537.36 (KHTML, like Gecko) Chrome/142.0.0.0 Safari/537.36","error","production","","","lambda","/api/extraction/[sessionId]/analyze","thermo-app.vercel.app","thermo-app.vercel.app","dpl_FgdjQxfyBGKrXVZAis3u5q33sJYP",-1,"iad1",-1,-1,"[PDF Screenshot] Failed to render table 4: PNG rendering disabled for serverless compatibility (text extraction still works)","prj_pHSiEsC2LyGWcblkxotWsaEM6eKX","","","01KAR399P4SJTK67CHWSPVT7HZ","",-1
"2025-11-23 10:14:54",1763892894746,"thermo-app.vercel.app/api/extraction/extract-LDl_YFsxse/analyze","POST","",-1,"fr2t5-1763892831539-5d5dd6dc8084","Mozilla/5.0 (Macintosh; Intel Mac OS X 10_15_7) AppleWebKit/537.36 (KHTML, like Gecko) Chrome/142.0.0.0 Safari/537.36","info","production","","","lambda","/api/extraction/[sessionId]/analyze","thermo-app.vercel.app","thermo-app.vercel.app","dpl_FgdjQxfyBGKrXVZAis3u5q33sJYP",-1,"iad1",-1,-1,"[PDF Screenshot] Capturing table 4 from page 9...","prj_pHSiEsC2LyGWcblkxotWsaEM6eKX","","","01KAR399P4SJTK67CHWSPVT7HZ","",-1
"2025-11-23 10:14:54",1763892894746,"thermo-app.vercel.app/api/extraction/extract-LDl_YFsxse/analyze","POST","",-1,"fr2t5-1763892831539-5d5dd6dc8084","Mozilla/5.0 (Macintosh; Intel Mac OS X 10_15_7) AppleWebKit/537.36 (KHTML, like Gecko) Chrome/142.0.0.0 Safari/537.36","error","production","","","lambda","/api/extraction/[sessionId]/analyze","thermo-app.vercel.app","thermo-app.vercel.app","dpl_FgdjQxfyBGKrXVZAis3u5q33sJYP",-1,"iad1",-1,-1,"[PDF Screenshot] Failed to render table 3: PNG rendering disabled for serverless compatibility (text extraction still works)","prj_pHSiEsC2LyGWcblkxotWsaEM6eKX","","","01KAR399P4SJTK67CHWSPVT7HZ","",-1
"2025-11-23 10:14:54",1763892894745,"thermo-app.vercel.app/api/extraction/extract-LDl_YFsxse/analyze","POST","",-1,"fr2t5-1763892831539-5d5dd6dc8084","Mozilla/5.0 (Macintosh; Intel Mac OS X 10_15_7) AppleWebKit/537.36 (KHTML, like Gecko) Chrome/142.0.0.0 Safari/537.36","info","production","","","lambda","/api/extraction/[sessionId]/analyze","thermo-app.vercel.app","thermo-app.vercel.app","dpl_FgdjQxfyBGKrXVZAis3u5q33sJYP",-1,"iad1",-1,-1,"[PDF Screenshot] Capturing table 3 from page 5...","prj_pHSiEsC2LyGWcblkxotWsaEM6eKX","","","01KAR399P4SJTK67CHWSPVT7HZ","",-1
"2025-11-23 10:14:54",1763892894745,"thermo-app.vercel.app/api/extraction/extract-LDl_YFsxse/analyze","POST","",-1,"fr2t5-1763892831539-5d5dd6dc8084","Mozilla/5.0 (Macintosh; Intel Mac OS X 10_15_7) AppleWebKit/537.36 (KHTML, like Gecko) Chrome/142.0.0.0 Safari/537.36","error","production","","","lambda","/api/extraction/[sessionId]/analyze","thermo-app.vercel.app","thermo-app.vercel.app","dpl_FgdjQxfyBGKrXVZAis3u5q33sJYP",-1,"iad1",-1,-1,"[PDF Screenshot] Failed to render table 2: PNG rendering disabled for serverless compatibility (text extraction still works)","prj_pHSiEsC2LyGWcblkxotWsaEM6eKX","","","01KAR399P4SJTK67CHWSPVT7HZ","",-1
"2025-11-23 10:14:54",1763892894745,"thermo-app.vercel.app/api/extraction/extract-LDl_YFsxse/analyze","POST","",-1,"fr2t5-1763892831539-5d5dd6dc8084","Mozilla/5.0 (Macintosh; Intel Mac OS X 10_15_7) AppleWebKit/537.36 (KHTML, like Gecko) Chrome/142.0.0.0 Safari/537.36","info","production","","","lambda","/api/extraction/[sessionId]/analyze","thermo-app.vercel.app","thermo-app.vercel.app","dpl_FgdjQxfyBGKrXVZAis3u5q33sJYP",-1,"iad1",-1,-1,"[PDF Screenshot] Capturing table 2 from page 4...","prj_pHSiEsC2LyGWcblkxotWsaEM6eKX","","","01KAR399P4SJTK67CHWSPVT7HZ","",-1
"2025-11-23 10:14:54",1763892894743,"thermo-app.vercel.app/api/extraction/extract-LDl_YFsxse/analyze","POST","",-1,"fr2t5-1763892831539-5d5dd6dc8084","Mozilla/5.0 (Macintosh; Intel Mac OS X 10_15_7) AppleWebKit/537.36 (KHTML, like Gecko) Chrome/142.0.0.0 Safari/537.36","error","production","","","lambda","/api/extraction/[sessionId]/analyze","thermo-app.vercel.app","thermo-app.vercel.app","dpl_FgdjQxfyBGKrXVZAis3u5q33sJYP",-1,"iad1",-1,-1,"[PDF Screenshot] Failed to render table 1: PNG rendering disabled for serverless compatibility (text extraction still works)","prj_pHSiEsC2LyGWcblkxotWsaEM6eKX","","","01KAR399P4SJTK67CHWSPVT7HZ","",-1
"2025-11-23 10:14:54",1763892894743,"thermo-app.vercel.app/api/extraction/extract-LDl_YFsxse/analyze","POST","",-1,"fr2t5-1763892831539-5d5dd6dc8084","Mozilla/5.0 (Macintosh; Intel Mac OS X 10_15_7) AppleWebKit/537.36 (KHTML, like Gecko) Chrome/142.0.0.0 Safari/537.36","info","production","","","lambda","/api/extraction/[sessionId]/analyze","thermo-app.vercel.app","thermo-app.vercel.app","dpl_FgdjQxfyBGKrXVZAis3u5q33sJYP",-1,"iad1",-1,-1,"[PDF Screenshot] Capturing table 1 from page 3...","prj_pHSiEsC2LyGWcblkxotWsaEM6eKX","","","01KAR399P4SJTK67CHWSPVT7HZ","",-1
"2025-11-23 10:14:54",1763892894742,"thermo-app.vercel.app/api/extraction/extract-LDl_YFsxse/analyze","POST","",-1,"fr2t5-1763892831539-5d5dd6dc8084","Mozilla/5.0 (Macintosh; Intel Mac OS X 10_15_7) AppleWebKit/537.36 (KHTML, like Gecko) Chrome/142.0.0.0 Safari/537.36","info","production","","","lambda","/api/extraction/[sessionId]/analyze","thermo-app.vercel.app","thermo-app.vercel.app","dpl_FgdjQxfyBGKrXVZAis3u5q33sJYP",-1,"iad1",-1,-1,"[Analyze API] Capturing table/figure screenshots...","prj_pHSiEsC2LyGWcblkxotWsaEM6eKX","","","01KAR399P4SJTK67CHWSPVT7HZ","",-1
"2025-11-23 10:14:54",1763892894742,"thermo-app.vercel.app/api/extraction/extract-LDl_YFsxse/analyze","POST","",-1,"fr2t5-1763892831539-5d5dd6dc8084","Mozilla/5.0 (Macintosh; Intel Mac OS X 10_15_7) AppleWebKit/537.36 (KHTML, like Gecko) Chrome/142.0.0.0 Safari/537.36","info","production","","","lambda","/api/extraction/[sessionId]/analyze","thermo-app.vercel.app","thermo-app.vercel.app","dpl_FgdjQxfyBGKrXVZAis3u5q33sJYP",-1,"iad1",-1,-1,"[Analyze API] Parsed analysis result: {
  title: 'Provenance of the Paleogene Colton Formation (Uinta Basin) and Cretaceous–Paleogene provenance evolution in the Utah foreland: Evidence from U-Pb ages of detrital zircons, paleocurrent trends, and sandstone petrofacies',
  tablesFound: 8,
  figuresFound: 21
}","prj_pHSiEsC2LyGWcblkxotWsaEM6eKX","","","01KAR399P4SJTK67CHWSPVT7HZ","",-1
"2025-11-23 10:14:54",1763892894740,"thermo-app.vercel.app/api/extraction/extract-LDl_YFsxse/analyze","POST","",-1,"fr2t5-1763892831539-5d5dd6dc8084","Mozilla/5.0 (Macintosh; Intel Mac OS X 10_15_7) AppleWebKit/537.36 (KHTML, like Gecko) Chrome/142.0.0.0 Safari/537.36","info","production","","","lambda","/api/extraction/[sessionId]/analyze","thermo-app.vercel.app","thermo-app.vercel.app","dpl_FgdjQxfyBGKrXVZAis3u5q33sJYP",-1,"iad1",-1,-1,"[Analyze API] Received response: ```json
{
  ""paper_metadata"": {
    ""title"": ""Provenance of the Paleogene Colton Formation (Uinta Basin) and Cretaceous–Paleogene provenance evolution in the Utah foreland: Evidence from U-Pb ages of ...","prj_pHSiEsC2LyGWcblkxotWsaEM6eKX","","","01KAR399P4SJTK67CHWSPVT7HZ","",-1
"2025-11-23 10:13:58",1763892838889,"thermo-app.vercel.app/api/extraction/extract-LDl_YFsxse/analyze","POST","",-1,"fr2t5-1763892831539-5d5dd6dc8084","Mozilla/5.0 (Macintosh; Intel Mac OS X 10_15_7) AppleWebKit/537.36 (KHTML, like Gecko) Chrome/142.0.0.0 Safari/537.36","info","production","","","lambda","/api/extraction/[sessionId]/analyze","thermo-app.vercel.app","thermo-app.vercel.app","dpl_FgdjQxfyBGKrXVZAis3u5q33sJYP",-1,"iad1",-1,-1,"[Analyze API] Sending to Claude API...","prj_pHSiEsC2LyGWcblkxotWsaEM6eKX","","","01KAR399P4SJTK67CHWSPVT7HZ","",-1
"2025-11-23 10:13:58",1763892838889,"thermo-app.vercel.app/api/extraction/extract-LDl_YFsxse/analyze","POST","",-1,"fr2t5-1763892831539-5d5dd6dc8084","Mozilla/5.0 (Macintosh; Intel Mac OS X 10_15_7) AppleWebKit/537.36 (KHTML, like Gecko) Chrome/142.0.0.0 Safari/537.36","info","production","","","lambda","/api/extraction/[sessionId]/analyze","thermo-app.vercel.app","thermo-app.vercel.app","dpl_FgdjQxfyBGKrXVZAis3u5q33sJYP",-1,"iad1",-1,-1,"[Analyze API] Extracted 165114 characters","prj_pHSiEsC2LyGWcblkxotWsaEM6eKX","","","01KAR399P4SJTK67CHWSPVT7HZ","",-1
"2025-11-23 10:13:57",1763892837502,"thermo-app.vercel.app/api/extraction/extract-LDl_YFsxse/analyze","POST","",-1,"fr2t5-1763892831539-5d5dd6dc8084","Mozilla/5.0 (Macintosh; Intel Mac OS X 10_15_7) AppleWebKit/537.36 (KHTML, like Gecko) Chrome/142.0.0.0 Safari/537.36","info","production","","","lambda","/api/extraction/[sessionId]/analyze","thermo-app.vercel.app","thermo-app.vercel.app","dpl_FgdjQxfyBGKrXVZAis3u5q33sJYP",-1,"iad1",-1,-1,"[Analyze API] Extracting text from PDF...","prj_pHSiEsC2LyGWcblkxotWsaEM6eKX","","","01KAR399P4SJTK67CHWSPVT7HZ","",-1
"2025-11-23 10:13:57",1763892837502,"thermo-app.vercel.app/api/extraction/extract-LDl_YFsxse/analyze","POST","",-1,"fr2t5-1763892831539-5d5dd6dc8084","Mozilla/5.0 (Macintosh; Intel Mac OS X 10_15_7) AppleWebKit/537.36 (KHTML, like Gecko) Chrome/142.0.0.0 Safari/537.36","info","production","","","lambda","/api/extraction/[sessionId]/analyze","thermo-app.vercel.app","thermo-app.vercel.app","dpl_FgdjQxfyBGKrXVZAis3u5q33sJYP",-1,"iad1",-1,-1,"[Analyze API] Temp PDF path: /tmp/thermo-VmqUfe/temp.pdf","prj_pHSiEsC2LyGWcblkxotWsaEM6eKX","","","01KAR399P4SJTK67CHWSPVT7HZ","",-1
"2025-11-23 10:13:53",1763892833984,"thermo-app.vercel.app/api/extraction/extract-LDl_YFsxse/analyze","POST","",-1,"fr2t5-1763892831539-5d5dd6dc8084","Mozilla/5.0 (Macintosh; Intel Mac OS X 10_15_7) AppleWebKit/537.36 (KHTML, like Gecko) Chrome/142.0.0.0 Safari/537.36","info","production","","","lambda","/api/extraction/[sessionId]/analyze","thermo-app.vercel.app","thermo-app.vercel.app","dpl_FgdjQxfyBGKrXVZAis3u5q33sJYP",-1,"iad1",-1,-1,"[Analyze API] Downloading PDF from Supabase Storage...","prj_pHSiEsC2LyGWcblkxotWsaEM6eKX","","","01KAR399P4SJTK67CHWSPVT7HZ","",-1
"2025-11-23 10:13:53",1763892833984,"thermo-app.vercel.app/api/extraction/extract-LDl_YFsxse/analyze","POST","",-1,"fr2t5-1763892831539-5d5dd6dc8084","Mozilla/5.0 (Macintosh; Intel Mac OS X 10_15_7) AppleWebKit/537.36 (KHTML, like Gecko) Chrome/142.0.0.0 Safari/537.36","info","production","","","lambda","/api/extraction/[sessionId]/analyze","thermo-app.vercel.app","thermo-app.vercel.app","dpl_FgdjQxfyBGKrXVZAis3u5q33sJYP",-1,"iad1",-1,-1,"[Analyze API] State updated to analyzing","prj_pHSiEsC2LyGWcblkxotWsaEM6eKX","","","01KAR399P4SJTK67CHWSPVT7HZ","",-1
"2025-11-23 10:13:52",1763892832196,"thermo-app.vercel.app/api/extraction/extract-LDl_YFsxse/analyze","POST","",-1,"fr2t5-1763892831539-5d5dd6dc8084","Mozilla/5.0 (Macintosh; Intel Mac OS X 10_15_7) AppleWebKit/537.36 (KHTML, like Gecko) Chrome/142.0.0.0 Safari/537.36","info","production","","","lambda","/api/extraction/[sessionId]/analyze","thermo-app.vercel.app","thermo-app.vercel.app","dpl_FgdjQxfyBGKrXVZAis3u5q33sJYP",-1,"iad1",-1,-1,"[Analyze API] Starting analysis for session: extract-LDl_YFsxse","prj_pHSiEsC2LyGWcblkxotWsaEM6eKX","","","01KAR399P4SJTK67CHWSPVT7HZ","",-1
"2025-11-23 10:13:51",1763892831940,"thermo-app.vercel.app/api/extraction/extract-LDl_YFsxse/analyze","POST","",200,"fr2t5-1763892831539-5d5dd6dc8084","Mozilla/5.0 (Macintosh; Intel Mac OS X 10_15_7) AppleWebKit/537.36 (KHTML, like Gecko) Chrome/142.0.0.0 Safari/537.36","info","production","","","lambda","/api/extraction/[sessionId]/analyze","thermo-app.vercel.app","thermo-app.vercel.app","dpl_FgdjQxfyBGKrXVZAis3u5q33sJYP",66994,"iad1",192,2048,"","prj_pHSiEsC2LyGWcblkxotWsaEM6eKX","","","01KAR399P4SJTK67CHWSPVT7HZ","bciQyad1ruU2",1
"2025-11-23 10:13:50",1763892830226,"thermo-app.vercel.app/api/extraction/extract-LDl_YFsxse","GET","",-1,"6mkfz-1763892828053-97681b106592","Mozilla/5.0 (Macintosh; Intel Mac OS X 10_15_7) AppleWebKit/537.36 (KHTML, like Gecko) Chrome/142.0.0.0 Safari/537.36","info","production","","","lambda","/api/extraction/[sessionId]","thermo-app.vercel.app","thermo-app.vercel.app","dpl_FgdjQxfyBGKrXVZAis3u5q33sJYP",-1,"iad1",-1,-1,"[Session API] Retrieved session: extract-LDl_YFsxse, state: uploaded","prj_pHSiEsC2LyGWcblkxotWsaEM6eKX","","","01KAR3967CFKEFGCT3R8XW0C16","",-1
"2025-11-23 10:13:48",1763892828635,"thermo-app.vercel.app/api/extraction/extract-LDl_YFsxse","GET","",-1,"6mkfz-1763892828053-97681b106592","Mozilla/5.0 (Macintosh; Intel Mac OS X 10_15_7) AppleWebKit/537.36 (KHTML, like Gecko) Chrome/142.0.0.0 Safari/537.36","info","production","","","lambda","/api/extraction/[sessionId]","thermo-app.vercel.app","thermo-app.vercel.app","dpl_FgdjQxfyBGKrXVZAis3u5q33sJYP",-1,"iad1",-1,-1,"[Session API] GET request for session: extract-LDl_YFsxse","prj_pHSiEsC2LyGWcblkxotWsaEM6eKX","","","01KAR3967CFKEFGCT3R8XW0C16","",-1
"2025-11-23 10:13:48",1763892828396,"thermo-app.vercel.app/api/extraction/extract-LDl_YFsxse","GET","",200,"6mkfz-1763892828053-97681b106592","Mozilla/5.0 (Macintosh; Intel Mac OS X 10_15_7) AppleWebKit/537.36 (KHTML, like Gecko) Chrome/142.0.0.0 Safari/537.36","info","production","","","lambda","/api/extraction/[sessionId]","thermo-app.vercel.app","thermo-app.vercel.app","dpl_FgdjQxfyBGKrXVZAis3u5q33sJYP",1955,"iad1",127,2048,"","prj_pHSiEsC2LyGWcblkxotWsaEM6eKX","","","01KAR3967CFKEFGCT3R8XW0C16","aY2XQMz18bYP",1
"2025-11-23 10:13:47",1763892827824,"thermo-app.vercel.app/extraction/extract-LDl_YFsxse/analyze","GET","",200,"6mkfz-1763892827471-844bef9ecc5b","Mozilla/5.0 (Macintosh; Intel Mac OS X 10_15_7) AppleWebKit/537.36 (KHTML, like Gecko) Chrome/142.0.0.0 Safari/537.36","info","production","","","lambda","/extraction/[sessionId]/analyze","thermo-app.vercel.app","thermo-app.vercel.app","dpl_FgdjQxfyBGKrXVZAis3u5q33sJYP",60,"iad1",120,2048,"","prj_pHSiEsC2LyGWcblkxotWsaEM6eKX","","","01KAR395NGH4W43B7EJ8FKQY5F","dMY5iMzpa7xb",1
"2025-11-23 10:13:47",1763892827323,"thermo-app.vercel.app/api/extraction/upload","POST","",-1,"6mkfz-1763892818342-8484421d00ba","Mozilla/5.0 (Macintosh; Intel Mac OS X 10_15_7) AppleWebKit/537.36 (KHTML, like Gecko) Chrome/142.0.0.0 Safari/537.36","info","production","","","lambda","/api/extraction/upload","thermo-app.vercel.app","thermo-app.vercel.app","dpl_FgdjQxfyBGKrXVZAis3u5q33sJYP",-1,"iad1",-1,-1,"[Upload API] Created session record: 3823b4bb-586a-4a21-b444-9f4ed7c1dc62","prj_pHSiEsC2LyGWcblkxotWsaEM6eKX","","","01KAR390B9397WD5VTMEG7KRQ7","",-1
"2025-11-23 10:13:45",1763892825786,"thermo-app.vercel.app/api/extraction/upload","POST","",-1,"6mkfz-1763892818342-8484421d00ba","Mozilla/5.0 (Macintosh; Intel Mac OS X 10_15_7) AppleWebKit/537.36 (KHTML, like Gecko) Chrome/142.0.0.0 Safari/537.36","info","production","","","lambda","/api/extraction/upload","thermo-app.vercel.app","thermo-app.vercel.app","dpl_FgdjQxfyBGKrXVZAis3u5q33sJYP",-1,"iad1",-1,-1,"[Upload API] Saved file to: https://ggkrikijxollyolifdqs.supabase.co/storage/v1/object/public/extractions/extract-LDl_YFsxse/original.pdf","prj_pHSiEsC2LyGWcblkxotWsaEM6eKX","","","01KAR390B9397WD5VTMEG7KRQ7","",-1
"2025-11-23 10:13:42",1763892822770,"thermo-app.vercel.app/api/extraction/upload","POST","",-1,"6mkfz-1763892818342-8484421d00ba","Mozilla/5.0 (Macintosh; Intel Mac OS X 10_15_7) AppleWebKit/537.36 (KHTML, like Gecko) Chrome/142.0.0.0 Safari/537.36","info","production","","","lambda","/api/extraction/upload","thermo-app.vercel.app","thermo-app.vercel.app","dpl_FgdjQxfyBGKrXVZAis3u5q33sJYP",-1,"iad1",-1,-1,"[Upload API] Generated session ID: extract-LDl_YFsxse","prj_pHSiEsC2LyGWcblkxotWsaEM6eKX","","","01KAR390B9397WD5VTMEG7KRQ7","",-1
"2025-11-23 10:13:42",1763892822767,"thermo-app.vercel.app/api/extraction/upload","POST","",-1,"6mkfz-1763892818342-8484421d00ba","Mozilla/5.0 (Macintosh; Intel Mac OS X 10_15_7) AppleWebKit/537.36 (KHTML, like Gecko) Chrome/142.0.0.0 Safari/537.36","info","production","","","lambda","/api/extraction/upload","thermo-app.vercel.app","thermo-app.vercel.app","dpl_FgdjQxfyBGKrXVZAis3u5q33sJYP",-1,"iad1",-1,-1,"[Upload API] Received file: dickinson_00763.indd.pdf, size: 2868894 bytes, type: application/pdf","prj_pHSiEsC2LyGWcblkxotWsaEM6eKX","","","01KAR390B9397WD5VTMEG7KRQ7","",-1
"2025-11-23 10:13:42",1763892822722,"thermo-app.vercel.app/api/extraction/upload","POST","",-1,"6mkfz-1763892818342-8484421d00ba","Mozilla/5.0 (Macintosh; Intel Mac OS X 10_15_7) AppleWebKit/537.36 (KHTML, like Gecko) Chrome/142.0.0.0 Safari/537.36","info","production","","","lambda","/api/extraction/upload","thermo-app.vercel.app","thermo-app.vercel.app","dpl_FgdjQxfyBGKrXVZAis3u5q33sJYP",-1,"iad1",-1,-1,"[Upload API] Processing PDF upload","prj_pHSiEsC2LyGWcblkxotWsaEM6eKX","","","01KAR390B9397WD5VTMEG7KRQ7","",-1
"2025-11-23 10:13:40",1763892820774,"thermo-app.vercel.app/api/extraction/upload","POST","",201,"6mkfz-1763892818342-8484421d00ba","Mozilla/5.0 (Macintosh; Intel Mac OS X 10_15_7) AppleWebKit/537.36 (KHTML, like Gecko) Chrome/142.0.0.0 Safari/537.36","info","production","","","lambda","/api/extraction/upload","thermo-app.vercel.app","thermo-app.vercel.app","dpl_FgdjQxfyBGKrXVZAis3u5q33sJYP",4981,"iad1",164,2048,"","prj_pHSiEsC2LyGWcblkxotWsaEM6eKX","","","01KAR390B9397WD5VTMEG7KRQ7","jol49f06GV7x",1
"2025-11-23 10:13:30",1763892810204,"thermo-app.vercel.app/","GET","",200,"nsgzb-1763892809151-ce392917da5e","Mozilla/5.0 (Macintosh; Intel Mac OS X 10_15_7) AppleWebKit/537.36 (KHTML, like Gecko) Chrome/142.0.0.0 Safari/537.36","info","production","","PRERENDER","static","/","thermo-app.vercel.app","thermo-app.vercel.app","dpl_FgdjQxfyBGKrXVZAis3u5q33sJYP",-1,"",-1,-1,"","prj_pHSiEsC2LyGWcblkxotWsaEM6eKX","","","","",-1
"2025-11-23 10:13:29",1763892809536,"thermo-app.vercel.app/","GET","",200,"zbd5v-1763892809071-d015f38f10d5","Mozilla/5.0 (Macintosh; Intel Mac OS X 10_15_7) AppleWebKit/537.36 (KHTML, like Gecko) Chrome/142.0.0.0 Safari/537.36","info","production","","PRERENDER","static","/","thermo-app.vercel.app","thermo-app.vercel.app","dpl_FgdjQxfyBGKrXVZAis3u5q33sJYP",-1,"",-1,-1,"","prj_pHSiEsC2LyGWcblkxotWsaEM6eKX","","","","",-1
"2025-11-23 10:13:29",1763892809404,"thermo-app.vercel.app/upload","GET","",200,"cv646-1763892808305-d45110e30a05","Mozilla/5.0 (Macintosh; Intel Mac OS X 10_15_7) AppleWebKit/537.36 (KHTML, like Gecko) Chrome/142.0.0.0 Safari/537.36","info","production","","PRERENDER","static","/upload","thermo-app.vercel.app","thermo-app.vercel.app","dpl_FgdjQxfyBGKrXVZAis3u5q33sJYP",-1,"",-1,-1,"","prj_pHSiEsC2LyGWcblkxotWsaEM6eKX","","","","",-1
"2025-11-23 10:13:29",1763892809154,"thermo-app.vercel.app/upload","GET","",200,"bqrgl-1763892808659-a10653e8e96f","Mozilla/5.0 (Macintosh; Intel Mac OS X 10_15_7) AppleWebKit/537.36 (KHTML, like Gecko) Chrome/142.0.0.0 Safari/537.36","info","production","","PRERENDER","static","/upload","thermo-app.vercel.app","thermo-app.vercel.app","dpl_FgdjQxfyBGKrXVZAis3u5q33sJYP",-1,"",-1,-1,"","prj_pHSiEsC2LyGWcblkxotWsaEM6eKX","","","","",-1
"2025-11-23 10:13:29",1763892809115,"thermo-app.vercel.app/upload","GET","",200,"cv646-1763892808630-653ae28ffe52","Mozilla/5.0 (Macintosh; Intel Mac OS X 10_15_7) AppleWebKit/537.36 (KHTML, like Gecko) Chrome/142.0.0.0 Safari/537.36","info","production","","PRERENDER","static","/upload","thermo-app.vercel.app","thermo-app.vercel.app","dpl_FgdjQxfyBGKrXVZAis3u5q33sJYP",-1,"",-1,-1,"","prj_pHSiEsC2LyGWcblkxotWsaEM6eKX","","","","",-1
"2025-11-23 10:13:28",1763892808916,"thermo-app.vercel.app/datasets","GET","",200,"zbd5v-1763892808811-4eaabfe65b6a","Mozilla/5.0 (Macintosh; Intel Mac OS X 10_15_7) AppleWebKit/537.36 (KHTML, like Gecko) Chrome/142.0.0.0 Safari/537.36","info","production","","","lambda","/datasets","thermo-app.vercel.app","thermo-app.vercel.app","dpl_FgdjQxfyBGKrXVZAis3u5q33sJYP",12,"iad1",119,2048,"","prj_pHSiEsC2LyGWcblkxotWsaEM6eKX","","","01KAR38K6MTTD5Z6FX4B2X84GJ","dMY5iMzpa7xb",1
"2025-11-23 10:13:28",1763892808776,"thermo-app.vercel.app/upload","GET","",200,"zbd5v-1763892808305-de3dab73246c","Mozilla/5.0 (Macintosh; Intel Mac OS X 10_15_7) AppleWebKit/537.36 (KHTML, like Gecko) Chrome/142.0.0.0 Safari/537.36","info","production","","PRERENDER","static","/upload","thermo-app.vercel.app","thermo-app.vercel.app","dpl_FgdjQxfyBGKrXVZAis3u5q33sJYP",-1,"",-1,-1,"","prj_pHSiEsC2LyGWcblkxotWsaEM6eKX","","","","",-1
"2025-11-23 10:13:28",1763892808577,"thermo-app.vercel.app/","GET","",200,"bqrgl-1763892807267-7432e6e42643","Mozilla/5.0 (Macintosh; Intel Mac OS X 10_15_7) AppleWebKit/537.36 (KHTML, like Gecko) Chrome/142.0.0.0 Safari/537.36","info","production","","PRERENDER","static","/","thermo-app.vercel.app","thermo-app.vercel.app","dpl_FgdjQxfyBGKrXVZAis3u5q33sJYP",-1,"",-1,-1,"","prj_pHSiEsC2LyGWcblkxotWsaEM6eKX","","","","",-1
"2025-11-23 10:13:28",1763892808449,"thermo-app.vercel.app/datasets","GET","",200,"cv646-1763892807267-9bd28249fde9","Mozilla/5.0 (Macintosh; Intel Mac OS X 10_15_7) AppleWebKit/537.36 (KHTML, like Gecko) Chrome/142.0.0.0 Safari/537.36","info","production","","","lambda","/datasets","thermo-app.vercel.app","thermo-app.vercel.app","dpl_FgdjQxfyBGKrXVZAis3u5q33sJYP",16,"iad1",119,2048,"","prj_pHSiEsC2LyGWcblkxotWsaEM6eKX","","","01KAR38JR1EXPQ0CPVJYD66XFM","dMY5iMzpa7xb",1
"2025-11-23 10:13:28",1763892808405,"thermo-app.vercel.app/samples","GET","",200,"bqrgl-1763892808301-f561405b5a60","Mozilla/5.0 (Macintosh; Intel Mac OS X 10_15_7) AppleWebKit/537.36 (KHTML, like Gecko) Chrome/142.0.0.0 Safari/537.36","info","production","","","lambda","/samples","thermo-app.vercel.app","thermo-app.vercel.app","dpl_FgdjQxfyBGKrXVZAis3u5q33sJYP",75,"iad1",119,2048,"","prj_pHSiEsC2LyGWcblkxotWsaEM6eKX","","","01KAR38JPNSA5RC73HHJ5W4NH7","dMY5iMzpa7xb",1
"2025-11-23 10:13:28",1763892808178,"thermo-app.vercel.app/upload","GET","",200,"bqrgl-1763892807266-a4d6f311d56e","Mozilla/5.0 (Macintosh; Intel Mac OS X 10_15_7) AppleWebKit/537.36 (KHTML, like Gecko) Chrome/142.0.0.0 Safari/537.36","info","production","","PRERENDER","static","/upload","thermo-app.vercel.app","thermo-app.vercel.app","dpl_FgdjQxfyBGKrXVZAis3u5q33sJYP",-1,"",-1,-1,"","prj_pHSiEsC2LyGWcblkxotWsaEM6eKX","","","","",-1
"2025-11-23 10:13:27",1763892807594,"thermo-app.vercel.app/samples","GET","",200,"fr2t5-1763892807261-d391350ff5d9","Mozilla/5.0 (Macintosh; Intel Mac OS X 10_15_7) AppleWebKit/537.36 (KHTML, like Gecko) Chrome/142.0.0.0 Safari/537.36","info","production","","","lambda","/samples","thermo-app.vercel.app","thermo-app.vercel.app","dpl_FgdjQxfyBGKrXVZAis3u5q33sJYP",80,"iad1",113,2048,"","prj_pHSiEsC2LyGWcblkxotWsaEM6eKX","","","01KAR38HXAVXH60TF1SEAB2TY5","dMY5iMzpa7xb",1
"2025-11-23 10:13:26",1763892806022,"thermo-app.vercel.app/upload","GET","",200,"bqrgl-1763892805294-e3b05d5f536e","Mozilla/5.0 (Macintosh; Intel Mac OS X 10_15_7) AppleWebKit/537.36 (KHTML, like Gecko) Chrome/142.0.0.0 Safari/537.36","info","production","","PRERENDER","static","/upload","thermo-app.vercel.app","thermo-app.vercel.app","dpl_FgdjQxfyBGKrXVZAis3u5q33sJYP",-1,"",-1,-1,"","prj_pHSiEsC2LyGWcblkxotWsaEM6eKX","","","","",-1
"2025-11-23 10:13:22",1763892802309,"thermo-7324pqua6-cl-air.vercel.app/","GET","",200,"2l4sn-1763892802047-2f9a8cbaa6c1","vercel-screenshot/1.0","info","production","","PRERENDER","static","/","thermo-7324pqua6-cl-air.vercel.app","thermo-7324pqua6-cl-air.vercel.app","dpl_FgdjQxfyBGKrXVZAis3u5q33sJYP",-1,"",-1,-1,"","prj_pHSiEsC2LyGWcblkxotWsaEM6eKX","","","","",-1
"2025-11-23 10:13:22",1763892802253,"thermo-7324pqua6-cl-air.vercel.app/upload","GET","",200,"7kj56-1763892802047-779c2194e766","vercel-screenshot/1.0","info","production","","PRERENDER","static","/upload","thermo-7324pqua6-cl-air.vercel.app","thermo-7324pqua6-cl-air.vercel.app","dpl_FgdjQxfyBGKrXVZAis3u5q33sJYP",-1,"",-1,-1,"","prj_pHSiEsC2LyGWcblkxotWsaEM6eKX","","","","",-1
"2025-11-23 10:13:22",1763892802244,"thermo-7324pqua6-cl-air.vercel.app/","GET","",200,"f6zz9-1763892802047-709ad41238d3","vercel-screenshot/1.0","info","production","","PRERENDER","static","/","thermo-7324pqua6-cl-air.vercel.app","thermo-7324pqua6-cl-air.vercel.app","dpl_FgdjQxfyBGKrXVZAis3u5q33sJYP",-1,"",-1,-1,"","prj_pHSiEsC2LyGWcblkxotWsaEM6eKX","","","","",-1
"2025-11-23 10:13:22",1763892802096,"thermo-7324pqua6-cl-air.vercel.app/datasets","GET","",200,"f56tx-1763892802047-dd108372a0e2","vercel-screenshot/1.0","info","production","","","lambda","/datasets","thermo-7324pqua6-cl-air.vercel.app","thermo-7324pqua6-cl-air.vercel.app","dpl_FgdjQxfyBGKrXVZAis3u5q33sJYP",13,"iad1",125,2048,"","prj_pHSiEsC2LyGWcblkxotWsaEM6eKX","","","01KAR38CHHN6JBWN5ZB3C32KJ9","Pokl2RMwIopm",1
"2025-11-23 10:13:21",1763892801356,"thermo-7324pqua6-cl-air.vercel.app/upload","GET","",200,"hnw7n-1763892801152-1c6b2e9d0ded","vercel-screenshot/1.0","info","production","","PRERENDER","static","/upload","thermo-7324pqua6-cl-air.vercel.app","thermo-7324pqua6-cl-air.vercel.app","dpl_FgdjQxfyBGKrXVZAis3u5q33sJYP",-1,"",-1,-1,"","prj_pHSiEsC2LyGWcblkxotWsaEM6eKX","","","","",-1
"2025-11-23 10:13:21",1763892801351,"thermo-7324pqua6-cl-air.vercel.app/upload","GET","",200,"2ncnc-1763892801152-f7c34b6a6433","vercel-screenshot/1.0","info","production","","PRERENDER","static","/upload","thermo-7324pqua6-cl-air.vercel.app","thermo-7324pqua6-cl-air.vercel.app","dpl_FgdjQxfyBGKrXVZAis3u5q33sJYP",-1,"",-1,-1,"","prj_pHSiEsC2LyGWcblkxotWsaEM6eKX","","","","",-1
"2025-11-23 10:13:21",1763892801342,"thermo-7324pqua6-cl-air.vercel.app/upload","GET","",200,"7kj56-1763892801152-1c60f7c28dd7","vercel-screenshot/1.0","info","production","","PRERENDER","static","/upload","thermo-7324pqua6-cl-air.vercel.app","thermo-7324pqua6-cl-air.vercel.app","dpl_FgdjQxfyBGKrXVZAis3u5q33sJYP",-1,"",-1,-1,"","prj_pHSiEsC2LyGWcblkxotWsaEM6eKX","","","","",-1
"2025-11-23 10:13:21",1763892801192,"thermo-7324pqua6-cl-air.vercel.app/samples","GET","",200,"mpckg-1763892801152-0de40d47f151","vercel-screenshot/1.0","info","production","","","lambda","/samples","thermo-7324pqua6-cl-air.vercel.app","thermo-7324pqua6-cl-air.vercel.app","dpl_FgdjQxfyBGKrXVZAis3u5q33sJYP",14,"iad1",125,2048,"","prj_pHSiEsC2LyGWcblkxotWsaEM6eKX","","","01KAR38BN865SA58910HTSHDXH","Pokl2RMwIopm",1
"2025-11-23 10:13:20",1763892800683,"thermo-7324pqua6-cl-air.vercel.app/datasets","GET","",200,"g4c24-1763892800634-5ace28720d11","vercel-screenshot/1.0","info","production","","","lambda","/datasets","thermo-7324pqua6-cl-air.vercel.app","thermo-7324pqua6-cl-air.vercel.app","dpl_FgdjQxfyBGKrXVZAis3u5q33sJYP",8,"iad1",125,2048,"","prj_pHSiEsC2LyGWcblkxotWsaEM6eKX","","","01KAR38B5BF5K1AVH1CW70R32A","Pokl2RMwIopm",1
"2025-11-23 10:13:20",1763892800595,"thermo-7324pqua6-cl-air.vercel.app/samples","GET","",200,"2ncnc-1763892800557-ee765042d1b9","vercel-screenshot/1.0","info","production","","","lambda","/samples","thermo-7324pqua6-cl-air.vercel.app","thermo-7324pqua6-cl-air.vercel.app","dpl_FgdjQxfyBGKrXVZAis3u5q33sJYP",19,"iad1",125,2048,"","prj_pHSiEsC2LyGWcblkxotWsaEM6eKX","","","01KAR38B2KEPG0C1AJBJ9PAKHW","Pokl2RMwIopm",1
"2025-11-23 10:13:19",1763892799157,"thermo-7324pqua6-cl-air.vercel.app/datasets","GET","",200,"grgdh-1763892799116-a7965b254efe","vercel-favicon/1.0","info","production","","","lambda","/datasets","thermo-7324pqua6-cl-air.vercel.app","thermo-7324pqua6-cl-air.vercel.app","dpl_FgdjQxfyBGKrXVZAis3u5q33sJYP",455,"iad1",124,2048,"","prj_pHSiEsC2LyGWcblkxotWsaEM6eKX","","","01KAR389NN9P905VA4ZRGKRAQR","Pokl2RMwIopm",1
"2025-11-23 10:13:18",1763892798849,"thermo-7324pqua6-cl-air.vercel.app/","GET","",200,"7kj56-1763892798602-2ff521a03dd3","vercel-screenshot/1.0","info","production","","PRERENDER","static","/","thermo-7324pqua6-cl-air.vercel.app","thermo-7324pqua6-cl-air.vercel.app","dpl_FgdjQxfyBGKrXVZAis3u5q33sJYP",-1,"",-1,-1,"","prj_pHSiEsC2LyGWcblkxotWsaEM6eKX","","","","",-1
"2025-11-23 10:13:18",1763892798821,"thermo-7324pqua6-cl-air.vercel.app/upload","GET","",200,"lrx64-1763892798601-9c1e66797524","vercel-screenshot/1.0","info","production","","PRERENDER","static","/upload","thermo-7324pqua6-cl-air.vercel.app","thermo-7324pqua6-cl-air.vercel.app","dpl_FgdjQxfyBGKrXVZAis3u5q33sJYP",-1,"",-1,-1,"","prj_pHSiEsC2LyGWcblkxotWsaEM6eKX","","","","",-1
"2025-11-23 10:13:18",1763892798759,"thermo-7324pqua6-cl-air.vercel.app/samples","GET","",200,"7v74f-1763892798600-c2d906a9f68f","vercel-screenshot/1.0","info","production","","","lambda","/samples","thermo-7324pqua6-cl-air.vercel.app","thermo-7324pqua6-cl-air.vercel.app","dpl_FgdjQxfyBGKrXVZAis3u5q33sJYP",24,"iad1",140,2048,"","prj_pHSiEsC2LyGWcblkxotWsaEM6eKX","","","01KAR3899791HDFP0N300Q1Y6H","Wtgff4IvN6Ku",1
"2025-11-23 10:13:18",1763892798747,"thermo-7324pqua6-cl-air.vercel.app/datasets","GET","",200,"grgdh-1763892798601-bbcf8165e312","vercel-screenshot/1.0","info","production","","","lambda","/datasets","thermo-7324pqua6-cl-air.vercel.app","thermo-7324pqua6-cl-air.vercel.app","dpl_FgdjQxfyBGKrXVZAis3u5q33sJYP",7,"iad1",88,2048,"","prj_pHSiEsC2LyGWcblkxotWsaEM6eKX","","","01KAR3894K61FM2M71SXV2QVNY","Pokl2RMwIopm",2
"2025-11-23 10:13:18",1763892798611,"thermo-7324pqua6-cl-air.vercel.app/datasets","GET","",200,"gl6x6-1763892798563-42d0457df109","vercel-screenshot/1.0","info","production","","","lambda","/datasets","thermo-7324pqua6-cl-air.vercel.app","thermo-7324pqua6-cl-air.vercel.app","dpl_FgdjQxfyBGKrXVZAis3u5q33sJYP",451,"iad1",121,2048,"","prj_pHSiEsC2LyGWcblkxotWsaEM6eKX","","","01KAR3894K61FM2M71SXV2QVNY","Pokl2RMwIopm",2
"2025-11-23 10:13:17",1763892797421,"thermo-7324pqua6-cl-air.vercel.app/datasets","GET","",200,"lrx64-1763892797382-d876dbfab1dc","vercel-screenshot/1.0","info","production","","","lambda","/datasets","thermo-7324pqua6-cl-air.vercel.app","thermo-7324pqua6-cl-air.vercel.app","dpl_FgdjQxfyBGKrXVZAis3u5q33sJYP",823,"iad1",87,2048,"","prj_pHSiEsC2LyGWcblkxotWsaEM6eKX","","","01KAR385WTKS7TPX2YS4D2ZZ9N","Pokl2RMwIopm",2
"2025-11-23 10:13:15",1763892795289,"thermo-7324pqua6-cl-air.vercel.app/datasets","GET","",200,"p6ckc-1763892795150-aadbc868af48","vercel-screenshot/1.0","info","production","","","lambda","/datasets","thermo-7324pqua6-cl-air.vercel.app","thermo-7324pqua6-cl-air.vercel.app","dpl_FgdjQxfyBGKrXVZAis3u5q33sJYP",2277,"iad1",120,2048,"","prj_pHSiEsC2LyGWcblkxotWsaEM6eKX","","","01KAR385WTKS7TPX2YS4D2ZZ9N","Pokl2RMwIopm",2
"2025-11-23 10:13:15",1763892795194,"thermo-7324pqua6-cl-air.vercel.app/datasets","GET","",200,"g4c24-1763892794949-20a10552fff1","vercel-screenshot/1.0","info","production","","","lambda","/datasets","thermo-7324pqua6-cl-air.vercel.app","thermo-7324pqua6-cl-air.vercel.app","dpl_FgdjQxfyBGKrXVZAis3u5q33sJYP",2192,"iad1",140,2048,"","prj_pHSiEsC2LyGWcblkxotWsaEM6eKX","","","01KAR385ST4GPTJ9K8B888CYAC","Wtgff4IvN6Ku",1
"2025-11-23 10:13:14",1763892794915,"thermo-7324pqua6-cl-air.vercel.app/","GET","",307,"dnmpt-1763892794587-584aa1881fde","vercel-screenshot/1.0","info","production","","PRERENDER","static","/","thermo-7324pqua6-cl-air.vercel.app","thermo-7324pqua6-cl-air.vercel.app","dpl_FgdjQxfyBGKrXVZAis3u5q33sJYP",-1,"",-1,-1,"","prj_pHSiEsC2LyGWcblkxotWsaEM6eKX","","","","",-1
"2025-11-23 10:12:42",1763892762386,"thermo-app.vercel.app/","GET","",200,"hs6cp-1763892761924-3a6f08805c0d","Mozilla/5.0 (Macintosh; Intel Mac OS X 10_15_7) AppleWebKit/537.36 (KHTML, like Gecko) Chrome/142.0.0.0 Safari/537.36","info","production","","PRERENDER","static","/","thermo-app.vercel.app","thermo-app.vercel.app","dpl_ByEMv3T1kuQuaYMG3smy5jF6BcBf",-1,"",-1,-1,"","prj_pHSiEsC2LyGWcblkxotWsaEM6eKX","","","","",-1
"2025-11-23 10:12:42",1763892762279,"thermo-app.vercel.app/upload","GET","",200,"jg8wr-1763892761750-b2c56aea2cec","Mozilla/5.0 (Macintosh; Intel Mac OS X 10_15_7) AppleWebKit/537.36 (KHTML, like Gecko) Chrome/142.0.0.0 Safari/537.36","info","production","","PRERENDER","static","/upload","thermo-app.vercel.app","thermo-app.vercel.app","dpl_ByEMv3T1kuQuaYMG3smy5jF6BcBf",-1,"",-1,-1,"","prj_pHSiEsC2LyGWcblkxotWsaEM6eKX","","","","",-1
"2025-11-23 10:12:42",1763892762019,"thermo-app.vercel.app/upload","GET","",200,"cv646-1763892761528-9d9564e811bb","Mozilla/5.0 (Macintosh; Intel Mac OS X 10_15_7) AppleWebKit/537.36 (KHTML, like Gecko) Chrome/142.0.0.0 Safari/537.36","info","production","","PRERENDER","static","/upload","thermo-app.vercel.app","thermo-app.vercel.app","dpl_ByEMv3T1kuQuaYMG3smy5jF6BcBf",-1,"",-1,-1,"","prj_pHSiEsC2LyGWcblkxotWsaEM6eKX","","","","",-1
"2025-11-23 10:12:41",1763892761882,"thermo-app.vercel.app/","GET","",200,"cv646-1763892760984-ece5d48b24f5","Mozilla/5.0 (Macintosh; Intel Mac OS X 10_15_7) AppleWebKit/537.36 (KHTML, like Gecko) Chrome/142.0.0.0 Safari/537.36","info","production","","PRERENDER","static","/","thermo-app.vercel.app","thermo-app.vercel.app","dpl_ByEMv3T1kuQuaYMG3smy5jF6BcBf",-1,"",-1,-1,"","prj_pHSiEsC2LyGWcblkxotWsaEM6eKX","","","","",-1
"2025-11-23 10:12:41",1763892761859,"thermo-app.vercel.app/datasets","GET","",200,"bqrgl-1763892761756-fcb6921af8ce","Mozilla/5.0 (Macintosh; Intel Mac OS X 10_15_7) AppleWebKit/537.36 (KHTML, like Gecko) Chrome/142.0.0.0 Safari/537.36","info","production","","","lambda","/datasets","thermo-app.vercel.app","thermo-app.vercel.app","dpl_ByEMv3T1kuQuaYMG3smy5jF6BcBf",12,"iad1",121,2048,"","prj_pHSiEsC2LyGWcblkxotWsaEM6eKX","","","01KAR37584K83W2B26HEF78ZX3","C5AxjUT2VyY1",1
"2025-11-23 10:12:41",1763892761717,"thermo-app.vercel.app/","GET","",200,"jg8wr-1763892760984-7328221b8c71","Mozilla/5.0 (Macintosh; Intel Mac OS X 10_15_7) AppleWebKit/537.36 (KHTML, like Gecko) Chrome/142.0.0.0 Safari/537.36","info","production","","PRERENDER","static","/","thermo-app.vercel.app","thermo-app.vercel.app","dpl_ByEMv3T1kuQuaYMG3smy5jF6BcBf",-1,"",-1,-1,"","prj_pHSiEsC2LyGWcblkxotWsaEM6eKX","","","","",-1
"2025-11-23 10:12:41",1763892761707,"thermo-app.vercel.app/upload","GET","",200,"bqrgl-1763892761202-d16be8522ce8","Mozilla/5.0 (Macintosh; Intel Mac OS X 10_15_7) AppleWebKit/537.36 (KHTML, like Gecko) Chrome/142.0.0.0 Safari/537.36","info","production","","PRERENDER","static","/upload","thermo-app.vercel.app","thermo-app.vercel.app","dpl_ByEMv3T1kuQuaYMG3smy5jF6BcBf",-1,"",-1,-1,"","prj_pHSiEsC2LyGWcblkxotWsaEM6eKX","","","","",-1
"2025-11-23 10:12:41",1763892761310,"thermo-app.vercel.app/samples","GET","",200,"cv646-1763892761208-7f9c448e4838","Mozilla/5.0 (Macintosh; Intel Mac OS X 10_15_7) AppleWebKit/537.36 (KHTML, like Gecko) Chrome/142.0.0.0 Safari/537.36","info","production","","","lambda","/samples","thermo-app.vercel.app","thermo-app.vercel.app","dpl_ByEMv3T1kuQuaYMG3smy5jF6BcBf",76,"iad1",121,2048,"","prj_pHSiEsC2LyGWcblkxotWsaEM6eKX","","","01KAR374PY1V794APWTF87Z50J","C5AxjUT2VyY1",1
"2025-11-23 10:12:41",1763892761043,"thermo-app.vercel.app/datasets","GET","",200,"cv646-1763892760941-3e7d95a1adeb","Mozilla/5.0 (Macintosh; Intel Mac OS X 10_15_7) AppleWebKit/537.36 (KHTML, like Gecko) Chrome/142.0.0.0 Safari/537.36","info","production","","","lambda","/datasets","thermo-app.vercel.app","thermo-app.vercel.app","dpl_ByEMv3T1kuQuaYMG3smy5jF6BcBf",18,"iad1",113,2048,"","prj_pHSiEsC2LyGWcblkxotWsaEM6eKX","","","01KAR374EK4J57A7JD7GA7G4QG","5dkjuQzk4kXN",1
"2025-11-23 10:12:41",1763892761039,"thermo-app.vercel.app/samples","GET","",200,"bqrgl-1763892760935-cc04ee2ea2ad","Mozilla/5.0 (Macintosh; Intel Mac OS X 10_15_7) AppleWebKit/537.36 (KHTML, like Gecko) Chrome/142.0.0.0 Safari/537.36","info","production","","","lambda","/samples","thermo-app.vercel.app","thermo-app.vercel.app","dpl_ByEMv3T1kuQuaYMG3smy5jF6BcBf",21,"iad1",115,2048,"","prj_pHSiEsC2LyGWcblkxotWsaEM6eKX","","","01KAR374EFPSD0ET57Z1TQT279","C5AxjUT2VyY1",1
"2025-11-23 10:12:40",1763892760802,"thermo-app.vercel.app/upload","GET","",200,"hs6cp-1763892760306-0672f9e33bc4","Mozilla/5.0 (Macintosh; Intel Mac OS X 10_15_7) AppleWebKit/537.36 (KHTML, like Gecko) Chrome/142.0.0.0 Safari/537.36","info","production","","PRERENDER","static","/upload","thermo-app.vercel.app","thermo-app.vercel.app","dpl_ByEMv3T1kuQuaYMG3smy5jF6BcBf",-1,"",-1,-1,"","prj_pHSiEsC2LyGWcblkxotWsaEM6eKX","","","","",-1
"2025-11-23 10:12:40",1763892760259,"thermo-app.vercel.app/upload","GET","",200,"hs6cp-1763892759738-286b53829d63","Mozilla/5.0 (Macintosh; Intel Mac OS X 10_15_7) AppleWebKit/537.36 (KHTML, like Gecko) Chrome/142.0.0.0 Safari/537.36","info","production","","PRERENDER","static","/upload","thermo-app.vercel.app","thermo-app.vercel.app","dpl_ByEMv3T1kuQuaYMG3smy5jF6BcBf",-1,"",-1,-1,"","prj_pHSiEsC2LyGWcblkxotWsaEM6eKX","","","","",-1
"2025-11-23 10:12:39",1763892759788,"thermo-app.vercel.app/samples","GET","",200,"bqrgl-1763892759421-469d4f4ac729","Mozilla/5.0 (Macintosh; Intel Mac OS X 10_15_7) AppleWebKit/537.36 (KHTML, like Gecko) Chrome/142.0.0.0 Safari/537.36","info","production","","","lambda","/samples","thermo-app.vercel.app","thermo-app.vercel.app","dpl_ByEMv3T1kuQuaYMG3smy5jF6BcBf",410,"iad1",113,2048,"","prj_pHSiEsC2LyGWcblkxotWsaEM6eKX","","","01KAR3737C6862ZEC68KGVE3GK","5dkjuQzk4kXN",1
"2025-11-23 10:12:39",1763892759640,"thermo-app.vercel.app/datasets","GET","",200,"cv646-1763892759244-190116252f01","Mozilla/5.0 (Macintosh; Intel Mac OS X 10_15_7) AppleWebKit/537.36 (KHTML, like Gecko) Chrome/142.0.0.0 Safari/537.36","info","production","","","lambda","/datasets","thermo-app.vercel.app","thermo-app.vercel.app","dpl_ByEMv3T1kuQuaYMG3smy5jF6BcBf",435,"iad1",115,2048,"","prj_pHSiEsC2LyGWcblkxotWsaEM6eKX","","","01KAR3732RP9BWKRAEJRS1EHJX","C5AxjUT2VyY1",1
"2025-11-23 10:12:39",1763892759126,"thermo-app.vercel.app/","GET","",200,"hs6cp-1763892757781-89a270693500","Mozilla/5.0 (Macintosh; Intel Mac OS X 10_15_7) AppleWebKit/537.36 (KHTML, like Gecko) Chrome/142.0.0.0 Safari/537.36","info","production","","PRERENDER","static","/","thermo-app.vercel.app","thermo-app.vercel.app","dpl_ByEMv3T1kuQuaYMG3smy5jF6BcBf",-1,"",-1,-1,"","prj_pHSiEsC2LyGWcblkxotWsaEM6eKX","","","","",-1
