Pathogen,Pathogen Abbreviation,Test Type,Marker Name,Marker Type,Antibody Type,Manufacturer,Assay Name,Platform,Methodology,QC Sample,CV <10% (%),CV 10-15% (%),CV 15-20% (%),CV >20% (%),Mean CV (%),Quality Rating,Events Examined,Config ID
Cytomegalovirus (CMV),CMV,serology,anti-CMV IgG,Antibody,IgG,Abbott,Abbott ARCHITECT CMV IgG,ARCHITECT,CLIA,Optitrol ToRCHG,92.9,7.1,4.3,1.4,,good,70,2
Cytomegalovirus (CMV),CMV,serology,anti-CMV IgG,Antibody,IgG,Abbott,Abbott Alinity i CMV IgG,Alinity i,CLIA,Optitrol ToRCHG,100.0,,,,,excellent,24,1
Cytomegalovirus (CMV),CMV,serology,anti-CMV IgG,Antibody,IgG,DiaSorin,DiaSorin LIAISON CMV IgG II,LIAISON,ELISA,Optitrol ToRCHG,61.1,38.9,,,,acceptable,18,4
Cytomegalovirus (CMV),CMV,serology,anti-CMV IgG,Antibody,IgG,Ortho,Ortho VITROS CMV IgG,VITROS,ELISA,Optitrol ToRCHG,100.0,,,,,excellent,1,5
Cytomegalovirus (CMV),CMV,serology,anti-CMV IgG,Antibody,IgG,Ortho Clinical Diagnostics,ortho VITROS CMV IgG,,,Optitrol ToRCHG,100.0,,,,,excellent,1,176
Cytomegalovirus (CMV),CMV,serology,anti-CMV IgG,Antibody,IgG,bioMerieux,bioMerieux VIDAS CMV IgG,VIDAS,ELISA,Optitrol ToRCHG,100.0,,,,,excellent,5,3
Cytomegalovirus (CMV),CMV,serology,anti-CMV IgM,Antibody,IgM,Abbott,Abbott ARCHITECT CMV IgM,ARCHITECT,CLIA,Optitrol ToRCHM,96.7,3.3,,,,excellent,60,7
Cytomegalovirus (CMV),CMV,serology,anti-CMV IgM,Antibody,IgM,Abbott,Abbott Alinity i CMV IgM,Alinity i,CLIA,Optitrol ToRCHM,90.3,9.7,6.5,,,good,31,6
Cytomegalovirus (CMV),CMV,serology,anti-CMV IgM,Antibody,IgM,DiaSorin,DiaSorin LIAISON CMV IgM II,LIAISON,ELISA,Optitrol ToRCHM,81.3,18.8,,,,good,16,9
Cytomegalovirus (CMV),CMV,serology,anti-CMV IgM,Antibody,IgM,bioMerieux,bioMerieux VIDAS CMV IgM,VIDAS,ELISA,Optitrol ToRCHM,85.7,14.3,14.3,14.3,,acceptable,7,8
Epstein-Barr Virus (EBV),EBV,serology,Anti-EBNA IgG,Antibody,IgG,Abbott,Abbott ARCHITECT EBV EBNA-1 IgG,ARCHITECT,CLIA,Optitrol ToRCHG,100.0,,,,,excellent,17,15
Epstein-Barr Virus (EBV),EBV,serology,Anti-EBNA IgG,Antibody,IgG,Abbott,Abbott Alinity i EBV EBNA-1 IgG,Alinity i,CLIA,Optitrol ToRCHG,100.0,,,,,excellent,3,14
Epstein-Barr Virus (EBV),EBV,serology,Anti-EBNA IgG,Antibody,IgG,DiaSorin,DiaSorin LIAISON EBNA IgG,LIAISON,ELISA,Optitrol ToRCHG,53.1,43.8,12.5,,,acceptable,32,17
Epstein-Barr Virus (EBV),EBV,serology,Anti-EBNA IgG,Antibody,IgG,bioMerieux,bioMerieux VIDAS EBV EBNA IgG,VIDAS,ELISA,Optitrol ToRCHG,66.7,22.2,11.1,,,acceptable,9,16
Epstein-Barr Virus (EBV),EBV,serology,Anti-VCA IgG,Antibody,IgG,Abbott,Abbott ARCHITECT EBV VCA IgG,ARCHITECT,CLIA,Optitrol ToRCHG,95.7,4.3,,,,excellent,23,104
Epstein-Barr Virus (EBV),EBV,serology,Anti-VCA IgG,Antibody,IgG,Abbott,Abbott Alinity i EBV VCA IgG,Alinity i,CLIA,Optitrol ToRCHG,100.0,,,,,excellent,3,103
Epstein-Barr Virus (EBV),EBV,serology,Anti-VCA IgG,Antibody,IgG,DiaSorin,DiaSorin LIAISON VCA IgG,LIAISON,ELISA,Optitrol ToRCHG,72.4,27.6,,,,acceptable,29,106
Epstein-Barr Virus (EBV),EBV,serology,Anti-VCA IgG,Antibody,IgG,Siemens,Siemens Novagnost EBV-VCA IgG,,CLIA,Optitrol ToRCHG,0.0,100.0,25.0,,,acceptable,4,107
Epstein-Barr Virus (EBV),EBV,serology,Anti-VCA IgG,Antibody,IgG,bioMerieux,bioMerieux VIDAS EBV VCA/EA IgG,VIDAS,ELISA,Optitrol ToRCHG,100.0,,,,,excellent,3,105
Epstein-Barr Virus (EBV),EBV,serology,Anti-VCA IgM,Antibody,IgM,Abbott,Abbott ARCHITECT EBV VCA IgM,ARCHITECT,CLIA,Optitrol ToRCHM,85.7,14.3,4.8,,,good,21,109
Epstein-Barr Virus (EBV),EBV,serology,Anti-VCA IgM,Antibody,IgM,Abbott,Abbott Alinity i EBV VCA IgM,Alinity i,CLIA,Optitrol ToRCHM,100.0,,,,,excellent,3,108
Epstein-Barr Virus (EBV),EBV,serology,Anti-VCA IgM,Antibody,IgM,DiaSorin,DiaSorin LIAISON EBV IgM,LIAISON,ELISA,Optitrol ToRCHM,51.9,48.1,11.1,3.7,,acceptable,27,111
Epstein-Barr Virus (EBV),EBV,serology,Anti-VCA IgM,Antibody,IgM,Siemens,Siemens Novagnost EBV-VCA IgM,,CLIA,Optitrol ToRCHM,57.1,42.9,0.0,,,acceptable,7,112
Epstein-Barr Virus (EBV),EBV,serology,Anti-VCA IgM,Antibody,IgM,Virion,Virion Serion EBV VCA IgM,Serion,ELISA,Optitrol ToRCHM,0.0,100.0,100.0,100.0,,poor,1,113
Epstein-Barr Virus (EBV),EBV,serology,Anti-VCA IgM,Antibody,IgM,bioMerieux,bioMerieux VIDAS EBV VCA IgM,VIDAS,ELISA,Optitrol ToRCHM,100.0,,,,,excellent,4,110
Hepatitis A Virus (HAV),HAV,serology,Anti-HAV IgM,Antibody,IgM,Abbott,Abbott ARCHITECT HAVAb - IgM,ARCHITECT,CLIA,Optitrol HEPA-2,91.4,8.6,2.9,,,good,35,19
Hepatitis A Virus (HAV),HAV,serology,Anti-HAV IgM,Antibody,IgM,Abbott,Abbott Alinity i HAV Ab - IgM,Alinity i,CLIA,Optitrol HEPA-2,100.0,,,,,excellent,19,18
Hepatitis A Virus (HAV),HAV,serology,Anti-HAV IgM,Antibody,IgM,DiaSorin,DiaSorin LIAISON HAV IgM,LIAISON,ELISA,Optitrol HEPA-1,100.0,,,,,excellent,7,20
Hepatitis A Virus (HAV),HAV,serology,Anti-HAV IgM,Antibody,IgM,Roche,Roche Elecsys Anti-HAV IgM,Elecsys,CLIA,Optitrol HEPA-2,100.0,,,,,excellent,6,21
Hepatitis A Virus (HAV),HAV,serology,Anti-HAV IgM,Antibody,IgM,Siemens,Siemens ATELLICA IM Hepatitis A IgM (aHAVM),ATELLICA,CLIA,Optitrol HEPA-2,100.0,,,,,excellent,2,22
Hepatitis B Virus (HBV),HBV,serology,HBeAg,Antibody,Antigen,Abbott,Abbott ARCHITECT HBeAg,ARCHITECT,CLIA,Optitrol HEPA-2,95.2,4.8,4.8,,,excellent,21,120
Hepatitis B Virus (HBV),HBV,serology,HBeAg,Antibody,Antigen,Abbott,Abbott Alinity i HBeAg,Alinity i,CLIA,Optitrol HEPA-2,86.7,13.3,,,,good,15,119
Hepatitis B Virus (HBV),HBV,serology,HBeAg,Antibody,Antigen,DiaSorin,DiaSorin LIAISON HBeAg,LIAISON,ELISA,Optitrol HEPA-1,20.0,80.0,60.0,60.0,,poor,5,122
Hepatitis B Virus (HBV),HBV,serology,HBeAg,Antibody,Antigen,Roche,Roche Elecsys HBeAg,Elecsys,CLIA,Optitrol HEPA-2,100.0,,,,,excellent,4,123
Hepatitis B Virus (HBV),HBV,serology,HBeAg,Antibody,Antigen,bioMerieux,bioMerieux VIDAS HBeAg,VIDAS,ELISA,Optitrol HEPA-2,0.0,100.0,66.7,33.3,,poor,3,121
Hepatitis B Virus (HBV),HBV,serology,HBsAg,Antibody,Antigen,Abbott,Abbott ARCHITECT HBsAg Qualitative II,ARCHITECT,CLIA,Optitrol Blue,97.3,2.7,1.1,0.7,,excellent,564,127
Hepatitis B Virus (HBV),HBV,serology,HBsAg,Antibody,Antigen,Abbott,Abbott Alinity i HBsAg II,Alinity i,CLIA,Optitrol Blue,100.0,,,,,excellent,1,124
Hepatitis B Virus (HBV),HBV,serology,HBsAg,Antibody,Antigen,Abbott,Abbott Alinity i HBsAg Qualitative II,Alinity i,CLIA,Optitrol Blue,94.5,5.5,1.1,,,good,91,125
Hepatitis B Virus (HBV),HBV,serology,HBsAg,Antibody,Antigen,Abbott,Abbott Alinity s HBsAg,Alinity s,CLIA,Optitrol Blue,96.5,3.5,3.5,2.3,,excellent,86,126
Hepatitis B Virus (HBV),HBV,serology,HBsAg,Antibody,Antigen,DiaSorin,DiaSorin LIAISON XL MUREX HBsAg Quant,LIAISON,ELISA,Optitrol Blue,66.7,33.3,16.7,16.7,,acceptable,6,129
Hepatitis B Virus (HBV),HBV,serology,HBsAg,Antibody,Antigen,Ortho,Ortho VITROS HBsAg,VITROS,ELISA,Optitrol Green,0.0,100.0,57.1,28.6,,poor,7,130
Hepatitis B Virus (HBV),HBV,serology,HBsAg,Antibody,Antigen,Roche,Roche Elecsys HBsAg II,Elecsys,CLIA,Optitrol Red,97.8,2.2,0.7,,,excellent,137,131
Hepatitis B Virus (HBV),HBV,serology,HBsAg,Antibody,Antigen,Siemens,Siemens ADVIA Centaur HBsAgII,ADVIA Centaur,CLIA,Optitrol Orange,94.4,5.6,0.0,,,good,18,132
Hepatitis B Virus (HBV),HBV,serology,HBsAg,Antibody,Antigen,bioMerieux,bioMerieux VIDAS HBsAg,VIDAS,ELISA,Optitrol Orange,0.0,100.0,0.0,,,acceptable,2,128
Hepatitis B Virus (HBV),HBV,serology,anti-HBc IgG,Antibody,IgG,Abbott,Abbott ARCHITECT Anti-HBc II,ARCHITECT,CLIA,Optitrol Blue,99.3,0.7,,,,excellent,277,25
Hepatitis B Virus (HBV),HBV,serology,anti-HBc IgG,Antibody,IgG,Abbott,Abbott Alinity i Anti-HBc II,Alinity i,CLIA,Optitrol Blue,100.0,,,,,excellent,47,23
Hepatitis B Virus (HBV),HBV,serology,anti-HBc IgG,Antibody,IgG,Abbott,Abbott Alinity s Anti-HBc,Alinity s,CLIA,Optitrol Blue,100.0,,,,,excellent,19,24
Hepatitis B Virus (HBV),HBV,serology,anti-HBc IgG,Antibody,IgG,Roche,Roche Elecsys Anti-HBc II,Elecsys,CLIA,Optitrol Red,79.0,21.1,,,,acceptable,19,26
Hepatitis B Virus (HBV),HBV,serology,anti-HBc IgM,Antibody,IgM,Abbott,Abbott ARCHITECT Anti-HBc IgM,ARCHITECT,CLIA,Optitrol HEPA2,100.0,,,,,excellent,13,212
Hepatitis B Virus (HBV),HBV,serology,anti-HBc IgM,Antibody,IgM,Abbott,Abbott ARCHITECT Anti-HBc IgM,ARCHITECT,CLIA,Optitrol HEPA-2,100.0,,,,,excellent,13,28
Hepatitis B Virus (HBV),HBV,serology,anti-HBc IgM,Antibody,IgM,Abbott,Abbott Alinity i Anti-HBc IgM,Alinity i,CLIA,Optitrol HEPA-2,100.0,,,,,excellent,11,27
Hepatitis B Virus (HBV),HBV,serology,anti-HBc IgM,Antibody,IgM,Abbott,Abbott Alinity i Anti-HBc IgM,Alinity i,CLIA,Optitrol HEPA2,100.0,,,,,excellent,11,211
Hepatitis B Virus (HBV),HBV,serology,anti-HBc IgM,Antibody,IgM,DiaSorin,DiaSorin LIAISON HBc IgM,LIAISON,ELISA,Optitrol HEPA1,100.0,,,,,excellent,1,213
Hepatitis B Virus (HBV),HBV,serology,anti-HBc IgM,Antibody,IgM,DiaSorin,DiaSorin LIAISON HBc IgM,LIAISON,ELISA,Optitrol HEPA-1,100.0,,,,,excellent,1,29
Hepatitis B Virus (HBV),HBV,serology,anti-HBc IgM,Antibody,IgM,Roche,Roche Elecsys Anti-HBc IgM,Elecsys,CLIA,Optitrol HEPA-2,80.0,20.0,,,,good,5,30
Hepatitis B Virus (HBV),HBV,serology,anti-HBc IgM,Antibody,IgM,Roche,Roche Elecsys Anti-HBc IgM,Elecsys,CLIA,Optitrol HEPA2,80.0,20.0,,,,acceptable,5,214
Hepatitis C Virus (HCV),HCV,serology,anti-HCV,Antibody,Other,Abbott,Abbott ARCHITECT Anti-HCV,ARCHITECT,CLIA,Optitrol Blue,98.3,1.7,0.4,0.2,,excellent,531,34
Hepatitis C Virus (HCV),HCV,serology,anti-HCV,Antibody,Other,Abbott,Abbott ARCHITECT Anti-HCV II,ARCHITECT,CLIA,Optitrol Blue,100.0,,,,,excellent,6,35
Hepatitis C Virus (HCV),HCV,serology,anti-HCV,Antibody,Other,Abbott,Abbott Alinity i Anti-HCV,Alinity i,CLIA,Optitrol Blue,99.1,0.9,0.9,,,excellent,112,31
Hepatitis C Virus (HCV),HCV,serology,anti-HCV,Antibody,Other,Abbott,Abbott Alinity i Anti-HCV II,Alinity i,CLIA,Optitrol Blue,100.0,,,,,excellent,4,32
Hepatitis C Virus (HCV),HCV,serology,anti-HCV,Antibody,Other,Abbott,Abbott Alinity s Anti-HCV,Alinity s,CLIA,Optitrol Blue,96.5,3.5,2.3,1.1,,excellent,87,33
Hepatitis C Virus (HCV),HCV,serology,anti-HCV,Antibody,Other,Bio-Rad,Bio-Rad Access HCV Ab V3,Access,ELISA,Optitrol Blue,75.0,25.0,0.0,,,acceptable,8,37
Hepatitis C Virus (HCV),HCV,serology,anti-HCV,Antibody,Other,Bio-Rad,Bio-Rad Monolisa HCV Ag-Ab ULTRA V2,Monolisa,ELISA,Optitrol Green,95.7,4.3,,,,excellent,23,38
Hepatitis C Virus (HCV),HCV,serology,anti-HCV,Antibody,Other,Ortho,Ortho VITROS Anti-HCV,VITROS,ELISA,Optitrol Blue,100.0,,,,,excellent,9,39
Hepatitis C Virus (HCV),HCV,serology,anti-HCV,Antibody,Other,Roche,Roche Elecsys Anti-HCV II,Elecsys,CLIA,Optitrol Red,100.0,,,,,excellent,171,40
Hepatitis C Virus (HCV),HCV,serology,anti-HCV,Antibody,Other,Siemens,Siemens ADVIA Centaur HCV,ADVIA Centaur,CLIA,Optitrol Orange ,100.0,,,,,excellent,16,41
Hepatitis C Virus (HCV),HCV,serology,anti-HCV,Antibody,Other,Siemens,Siemens ATELLICA IM Hepatitis C (aHCV),ATELLICA,CLIA,Optitrol Orange ,100.0,,,,,excellent,4,42
Hepatitis C Virus (HCV),HCV,serology,anti-HCV,Antibody,Other,bioMerieux,bioMerieux VIDAS Anti-HCV,VIDAS,ELISA,Optitrol Orange ,100.0,,,,,excellent,13,36
Herpes Simplex Virus (HSV),HSV,serology,anti-HSV,Antibody,Other,DiaSorin,DiaSorin LIAISON HSV-1 Type Specific IgG,LIAISON,ELISA,Optitrol ToRCHG,68.2,31.8,9.1,,,acceptable,44,57
Herpes Simplex Virus (HSV),HSV,serology,anti-HSV,Antibody,Other,DiaSorin,DiaSorin LIAISON HSV-1/2 IgG,LIAISON,ELISA,Optitrol ToRCHG,18.2,81.8,36.4,,,acceptable,11,55
Herpes Simplex Virus (HSV),HSV,serology,anti-HSV,Antibody,Other,DiaSorin,DiaSorin LIAISON HSV-1/2 IgM,LIAISON,ELISA,Optitrol ToRCHM,40.0,60.0,20.0,,,acceptable,5,56
Herpes Simplex Virus (HSV),HSV,serology,anti-HSV,Antibody,Other,DiaSorin,DiaSorin LIAISON HSV-2 IgG,LIAISON,ELISA,Optitrol HSV 2 G,58.3,41.7,8.3,8.3,,acceptable,12,58
Human Immunodeficiency Virus (HIV),HIV,serology,anti-HIV-1,Antibody,Other,Abbott,Abbott ARCHITECT HIV Ag/Ab Combo,ARCHITECT,CLIA,Optitrol Blue,94.0,6.0,0.9,0.3,,good,580,45
Human Immunodeficiency Virus (HIV),HIV,serology,anti-HIV-1,Antibody,Other,Abbott,Abbott Alinity i HIV Ag/Ab Combo,Alinity i,CLIA,Optitrol Blue,97.2,2.8,0.9,0.9,,excellent,107,43
Human Immunodeficiency Virus (HIV),HIV,serology,anti-HIV-1,Antibody,Other,Abbott,Abbott Alinity s HIV Ag/Ab Combo,Alinity s,CLIA,Optitrol Blue,100.0,,,,,excellent,67,44
Human Immunodeficiency Virus (HIV),HIV,serology,anti-HIV-1,Antibody,Other,Bio-Rad,Bio-Rad Access HIV combo,Access,ELISA,Optitrol Blue,100.0,,,,,excellent,9,47
Human Immunodeficiency Virus (HIV),HIV,serology,anti-HIV-1,Antibody,Other,Bio-Rad,Bio-Rad Genscreen ULTRA HIV Ag-Ab,Genscreen,ELISA,Optitrol Green,10.7,89.3,21.4,,,acceptable,28,48
Human Immunodeficiency Virus (HIV),HIV,serology,anti-HIV-1,Antibody,Other,DiaSorin,DiaSorin LIAISON XL MUREX HIV Ab/Ag,LIAISON,ELISA,Optitrol Blue,58.3,41.7,8.3,,,acceptable,12,49
Human Immunodeficiency Virus (HIV),HIV,serology,anti-HIV-1,Antibody,Other,DiaSorin,DiaSorin LIAISON XL MUREX HIV Ab/Ag HT,LIAISON,ELISA,Optitrol Blue,0.0,100.0,33.3,,,acceptable,3,50
Human Immunodeficiency Virus (HIV),HIV,serology,anti-HIV-1,Antibody,Other,Ortho,Ortho VITROS HIV Combo (HIV c),VITROS,ELISA,Optitrol Blue,90.9,9.1,,,,good,11,51
Human Immunodeficiency Virus (HIV),HIV,serology,anti-HIV-1,Antibody,Other,Roche,Roche Elecsys HIV Duo,Elecsys,CLIA,Optitrol Red,0.0,100.0,,,,acceptable,40,53
Human Immunodeficiency Virus (HIV),HIV,serology,anti-HIV-1,Antibody,Other,Roche,Roche Elecsys HIV combi PT,Elecsys,CLIA,Optitrol Red,99.0,1.0,,,,excellent,103,52
Human Immunodeficiency Virus (HIV),HIV,serology,anti-HIV-1,Antibody,Other,Siemens,Siemens ADVIA Centaur HIV Ag/Ab Combo (CHIV),ADVIA Centaur,CLIA,Optitrol Orange,31.6,68.4,36.8,26.3,,poor,19,54
Human Immunodeficiency Virus (HIV),HIV,serology,anti-HIV-1,Antibody,Other,bioMerieux,bioMerieux VIDAS HIV DUO Quick,VIDAS,ELISA,Optitrol Orange,100.0,,,,,excellent,3,46
Human T-cell Lymphotropic Virus (HTLV),HTLV,serology,anti-HTLV-I,Antibody,Other,Abbott,Abbott ARCHITECT rHTLV-I/II,ARCHITECT,CLIA,Optitrol Blue,95.6,4.4,,,,excellent,136,61
Human T-cell Lymphotropic Virus (HTLV),HTLV,serology,anti-HTLV-I,Antibody,Other,Abbott,Abbott Alinity i rHTLV-I/II,Alinity i,CLIA,Optitrol Blue,89.2,10.8,,,,good,37,59
Human T-cell Lymphotropic Virus (HTLV),HTLV,serology,anti-HTLV-I,Antibody,Other,Abbott,Abbott Alinity s Anti-HTLV I/II,Alinity s,CLIA,Optitrol Blue,90.0,10.0,0.9,,,good,110,60
Human T-cell Lymphotropic Virus (HTLV),HTLV,serology,anti-HTLV-I,Antibody,Other,DiaSorin,DiaSorin LIAISON XL MUREX recHTLV-I/II,LIAISON,ELISA,Optitrol Blue,100.0,,,,,excellent,19,62
Human T-cell Lymphotropic Virus (HTLV),HTLV,serology,anti-HTLV-I,Antibody,Other,DiaSorin,DiaSorin Murex HTLV I+II,,ELISA,Optitrol Blue,25.0,75.0,,,,acceptable,4,63
Human T-cell Lymphotropic Virus (HTLV),HTLV,serology,anti-HTLV-I,Antibody,Other,Roche,Roche Elecsys HTLV I/II,Elecsys,CLIA,Optitrol Red,100.0,,,,,excellent,15,64
Measles virus,Measles,serology,anti-measles IgG,Antibody,IgG,DiaSorin,DiaSorin LIAISON Measles IgG,LIAISON,ELISA,Optitrol Paediatric G ,46.7,53.3,16.7,,,acceptable,30,66
Measles virus,Measles,serology,anti-measles IgG,Antibody,IgG,bioMerieux,bioMerieux VIDAS Measles IgG,VIDAS,ELISA,Optitrol Paediatric G ,0.0,100.0,,,,acceptable,3,65
Measles virus,Measles,serology,anti-measles IgM,Antibody,IgM,DiaSorin,DiaSorin LIAISON Measles IgM,LIAISON,ELISA,Optitrol Measles M,15.4,84.6,61.5,23.1,,poor,13,67
Mumps virus,Mumps,serology,anti-mumps IgG,Antibody,IgG,DiaSorin,DiaSorin LIAISON Mumps IgG,LIAISON,ELISA,Optitrol Paediatric G ,48.8,51.2,19.5,4.9,,acceptable,41,69
Mumps virus,Mumps,serology,anti-mumps IgG,Antibody,IgG,bioMerieux,bioMerieux VIDAS Mumps IgG,VIDAS,ELISA,Optitrol Paediatric G ,25.0,75.0,0.0,,,acceptable,4,68
Mumps virus,Mumps,serology,anti-mumps IgM,Antibody,IgM,DiaSorin,DiaSorin LIAISON Mumps IgM,LIAISON,ELISA,Optitrol Mumps M,50.0,50.0,12.5,,,acceptable,16,70
Mumps virus,Mumps,serology,anti-mumps IgM,Antibody,IgM,Virclia,Mumps Virclia IgM monotest,Virclia,ELISA,Optitrol Mumps M,100.0,,,,,excellent,2,71
Parvovirus B19,Parvo B19,serology,anti-PVB19 IgG,Antibody,IgG,DiaSorin,DiaSorin LIAISON Biotrin Parvovirus B19 IgG,LIAISON,ELISA,Optitrol Paediatric G ,45.8,54.2,20.8,,,acceptable,24,72
Parvovirus B19,Parvo B19,serology,anti-PVB19 IgG,Antibody,IgG,Virion,Virion Serion Parvovirus B19 IgG,Serion,ELISA,Optitrol Paediatric G ,25.0,75.0,75.0,75.0,,poor,4,73
Parvovirus B19,Parvo B19,serology,anti-PVB19 IgM,Antibody,IgM,DiaSorin,DiaSorin LIAISON Biotrin Parvovirus B19 IgM,LIAISON,ELISA,Optitrol Parvo M,27.6,72.4,41.4,24.1,,poor,29,74
Parvovirus B19,Parvo B19,serology,anti-PVB19 IgM,Antibody,IgM,Virion,Virion Serion Parvovirus B19 IgM,Serion,ELISA,Optitrol Parvo M,16.7,83.3,50.0,50.0,,poor,6,75
Rubella virus,Rubella,serology,anti-rubella IgG,Antibody,IgG,Abbott,Abbott ARCHITECT Rubella IgG,ARCHITECT,CLIA,Optitrol ToRCHG,98.5,1.5,,,,excellent,197,77
Rubella virus,Rubella,serology,anti-rubella IgG,Antibody,IgG,Abbott,Abbott Alinity i Rubella IgG,Alinity i,CLIA,Optitrol ToRCHG,100.0,,,,,excellent,28,76
Rubella virus,Rubella,serology,anti-rubella IgG,Antibody,IgG,DiaSorin,DiaSorin LIAISON Rubella IgG II,LIAISON,ELISA,Optitrol ToRCHG,25.0,75.0,25.0,25.0,,poor,4,79
Rubella virus,Rubella,serology,anti-rubella IgG,Antibody,IgG,Roche,Roche Elecsys Rubella IgG,Elecsys,CLIA,Optitrol ToRCHG,100.0,,,,,excellent,1,80
Rubella virus,Rubella,serology,anti-rubella IgG,Antibody,IgG,Siemens,Siemens ATELLICA IM Rubella IgG (Rub G),ATELLICA,CLIA,Optitrol ToRCHG,100.0,,,,,excellent,5,81
Rubella virus,Rubella,serology,anti-rubella IgG,Antibody,IgG,bioMerieux,bioMerieux VIDAS RUB IgG II,VIDAS,ELISA,Optitrol ToRCHG,100.0,,,,,excellent,3,78
Rubella virus,Rubella,serology,anti-rubella IgM,Antibody,IgM,Abbott,Abbott ARCHITECT Rubella IgM,ARCHITECT,CLIA,Optitrol ToRCHM,100.0,,,,,excellent,19,83
Rubella virus,Rubella,serology,anti-rubella IgM,Antibody,IgM,Abbott,Abbott Alinity i Rubella IgM,Alinity i,CLIA,Optitrol ToRCHM,100.0,,,,,excellent,3,82
Rubella virus,Rubella,serology,anti-rubella IgM,Antibody,IgM,DiaSorin,DiaSorin LIAISON Rubella IgM,LIAISON,ELISA,Optitrol ToRCHM,71.4,28.6,,,,acceptable,7,85
Rubella virus,Rubella,serology,anti-rubella IgM,Antibody,IgM,Siemens,Siemens ATELLICA IM Rubella IgM (Rub M),ATELLICA,CLIA,Optitrol ToRCHM,50.0,50.0,50.0,50.0,,poor,4,86
Rubella virus,Rubella,serology,anti-rubella IgM,Antibody,IgM,bioMerieux,bioMerieux VIDAS RUB IgM,VIDAS,ELISA,Optitrol ToRCHM,66.7,33.3,16.7,16.7,,acceptable,6,84
SARS-CoV-2,SARS-CoV-2,serology,anti-COVID19 IgG,Antibody,IgG,Abbott,Abbott Alinity i SARS-CoV-2 IgG,Alinity i,CLIA,Optitrol COVID-19 G,100.0,,,,,excellent,1,10
SARS-CoV-2,SARS-CoV-2,serology,anti-COVID19 IgG,Antibody,IgG,Roche,Roche Elecsys Anti-SARS-CoV-2,Elecsys,CLIA,Optitrol COVID-19 G,71.4,28.6,,,,acceptable,7,12
SARS-CoV-2,SARS-CoV-2,serology,anti-COVID19 IgG,Antibody,IgG,Siemens,Siemens ADVIA Centaur SARS-CoVâ€‘2 Total (COV2T),ADVIA Centaur,CLIA,Optitrol COVID-19 G,0.0,100.0,,,,acceptable,1,13
SARS-CoV-2,SARS-CoV-2,serology,anti-COVID19 IgG,Antibody,IgG,bioMerieux,bioMerieux VIDAS SARS-COV-2 IgG (9COG),VIDAS,ELISA,Optitrol COVID-19 G,66.7,33.3,,,,acceptable,3,11
Toxoplasma gondii,Toxoplasma,serology,anti-Toxo IgG,Antibody,IgG,Abbott,Abbott ARCHITECT Toxo IgG,ARCHITECT,CLIA,Optitrol ToRCHG,96.5,3.5,,,,excellent,29,97
Toxoplasma gondii,Toxoplasma,serology,anti-Toxo IgG,Antibody,IgG,Abbott,Abbott Alinity i Toxo IgG,Alinity i,CLIA,Optitrol ToRCHG,100.0,,,,,excellent,12,96
Toxoplasma gondii,Toxoplasma,serology,anti-Toxo IgG,Antibody,IgG,DiaSorin,DiaSorin LIAISON Toxo IgG II,LIAISON,ELISA,Optitrol ToRCHG,50.0,50.0,14.3,,,acceptable,14,99
Toxoplasma gondii,Toxoplasma,serology,anti-Toxo IgG,Antibody,IgG,bioMerieux,bioMerieux VIDAS TOXO IgG II,VIDAS,ELISA,Optitrol ToRCHG,50.0,50.0,50.0,,,acceptable,2,98
Toxoplasma gondii,Toxoplasma,serology,anti-Toxo IgM,Antibody,IgM,Abbott,Abbott ARCHITECT Toxo IgM,ARCHITECT,CLIA,Optitrol ToRCHM,100.0,,,,,excellent,29,101
Toxoplasma gondii,Toxoplasma,serology,anti-Toxo IgM,Antibody,IgM,Abbott,Abbott Alinity i Toxo IgM,Alinity i,CLIA,Optitrol ToRCHM,100.0,,,,,excellent,14,100
Toxoplasma gondii,Toxoplasma,serology,anti-Toxo IgM,Antibody,IgM,DiaSorin,DiaSorin LIAISON Toxo IgM,LIAISON,ELISA,Optitrol ToRCHM,71.4,28.6,,,,acceptable,14,102
Treponema pallidum (Syphilis),Syphilis,serology,anti-syphilis IgG,Antibody,IgG,Abbott,Abbott ARCHITECT Syphilis TP,ARCHITECT,CLIA,Optitrol Blue,99.0,0.9,,,,excellent,422,89
Treponema pallidum (Syphilis),Syphilis,serology,anti-syphilis IgG,Antibody,IgG,Abbott,Abbott Alinity i Syphilis TP,Alinity i,CLIA,Optitrol Blue,100.0,,,,,excellent,124,87
Treponema pallidum (Syphilis),Syphilis,serology,anti-syphilis IgG,Antibody,IgG,Abbott,Abbott Alinity s Syphilis,Alinity s,CLIA,Optitrol Blue,99.1,0.9,,,,excellent,116,88
Treponema pallidum (Syphilis),Syphilis,serology,anti-syphilis IgG,Antibody,IgG,Bio-Rad,Bio-Rad Syphilis Total Ab,,ELISA,Optitrol Green,29.7,70.3,23.4,4.7,,acceptable,64,90
Treponema pallidum (Syphilis),Syphilis,serology,anti-syphilis IgG,Antibody,IgG,DiaSorin,DiaSorin LIAISON Treponema Screen,LIAISON,ELISA,Optitrol Blue,100.0,,,,,excellent,24,91
Treponema pallidum (Syphilis),Syphilis,serology,anti-syphilis IgG,Antibody,IgG,Ortho,Ortho VITROS Syphilis TPA,VITROS,ELISA,Optitrol Green,100.0,,,,,excellent,4,92
Treponema pallidum (Syphilis),Syphilis,serology,anti-syphilis IgG,Antibody,IgG,Roche,Roche Elecsys Syphilis,Elecsys,CLIA,Optitrol Red,98.7,1.3,,,,excellent,151,93
Treponema pallidum (Syphilis),Syphilis,serology,anti-syphilis IgG,Antibody,IgG,Siemens,Siemens ADVIA Centaur Syphilis (SYPH),ADVIA Centaur,CLIA,Optitrol Orange,100.0,,,,,excellent,4,94
Treponema pallidum (Syphilis),Syphilis,serology,anti-syphilis IgG,Antibody,IgG,Siemens,Siemens ATELLICA IM Syphilis (Syph),ATELLICA,CLIA,Optitrol Orange,100.0,,,,,excellent,11,95
Varicella-Zoster Virus (VZV),VZV,serology,anti-VZV IgG,Antibody,IgG,DiaSorin,DiaSorin LIAISON VZV IgG,LIAISON,ELISA,Optitrol Paediatric G ,42.4,57.6,33.3,6.1,,acceptable,33,115
Varicella-Zoster Virus (VZV),VZV,serology,anti-VZV IgG,Antibody,IgG,bioMerieux,bioMerieux VIDAS VZV IgG,VIDAS,ELISA,Optitrol Paediatric G ,20.0,80.0,20.0,20.0,,acceptable,5,114
Varicella-Zoster Virus (VZV),VZV,serology,anti-VZV IgM,Antibody,IgM,DiaSorin,DiaSorin LIAISON VZV IgM,LIAISON,ELISA,Optitrol  VZV M,72.2,27.8,16.7,11.1,,acceptable,18,116
Varicella-Zoster Virus (VZV),VZV,serology,anti-VZV IgM,Antibody,IgM,Siemens,Siemens Enzygnost Anti-VZV IgM,,CLIA,Optitrol  VZV M,0.0,100.0,,,,acceptable,2,117
Varicella-Zoster Virus (VZV),VZV,serology,anti-VZV IgM,Antibody,IgM,Virclia,Varicella-Zoster Virclia IgM monotest,Virclia,ELISA,Optitrol  VZV M,0.0,100.0,,,,acceptable,1,118