sample_id,datapoint_key,grain_id,track_id,track_type,apparent_length_um,angle_to_c_axis_deg,dpar_um
MU19-09,MU19-09_DP001,GRAIN_1,TRK_1,confined,,,
MU19-09,MU19-09_DP001,GRAIN_2,TRK_2,confined,,,
MU19-09,MU19-09_DP001,GRAIN_3,TRK_3,confined,,,
MU19-09,MU19-09_DP001,GRAIN_4,TRK_4,confined,,,
MU19-09,MU19-09_DP001,GRAIN_5,TRK_5,confined,,,
MU19-09,MU19-09_DP001,GRAIN_6,TRK_6,confined,,,
MU19-09,MU19-09_DP001,GRAIN_7,TRK_7,confined,,,
MU19-09,MU19-09_DP001,GRAIN_8,TRK_8,confined,,,
MU19-09,MU19-09_DP001,GRAIN_9,TRK_9,confined,,,
MU19-09,MU19-09_DP001,GRAIN_10,TRK_10,confined,,,
MU19-09,MU19-09_DP001,GRAIN_11,TRK_11,confined,,,
MU19-09,MU19-09_DP001,GRAIN_12,TRK_12,confined,,,
MU19-09,MU19-09_DP001,GRAIN_13,TRK_13,confined,,,
MU19-09,MU19-09_DP001,GRAIN_14,TRK_14,confined,,,
MU19-09,MU19-09_DP001,GRAIN_15,TRK_15,confined,,,
MU19-09,MU19-09_DP001,GRAIN_16,TRK_16,confined,,,
MU19-09,MU19-09_DP001,GRAIN_17,TRK_17,confined,,,
MU19-09,MU19-09_DP001,GRAIN_18,TRK_18,confined,,,
MU19-09,MU19-09_DP001,GRAIN_19,TRK_19,confined,,,
MU19-09,MU19-09_DP001,GRAIN_20,TRK_20,confined,,,
MU19-09,MU19-09_DP001,GRAIN_21,TRK_21,confined,,,
MU19-09,MU19-09_DP001,GRAIN_22,TRK_22,confined,,,
MU19-09,MU19-09_DP001,GRAIN_23,TRK_23,confined,,,
MU19-09,MU19-09_DP001,GRAIN_24,TRK_24,confined,,,
MU19-09,MU19-09_DP001,GRAIN_25,TRK_25,confined,,,
MU19-09,MU19-09_DP001,GRAIN_26,TRK_26,confined,,,
MU19-09,MU19-09_DP001,GRAIN_27,TRK_27,confined,,,
MU19-09,MU19-09_DP001,GRAIN_28,TRK_28,confined,,,
MU19-09,MU19-09_DP001,GRAIN_29,TRK_29,confined,,,
MU19-09,MU19-09_DP001,GRAIN_30,TRK_30,confined,,,
MU19-09,MU19-09_DP001,GRAIN_31,TRK_31,confined,,,
MU19-09,MU19-09_DP001,GRAIN_32,TRK_32,confined,,,
MU19-09,MU19-09_DP001,GRAIN_33,TRK_33,confined,,,
MU19-09,MU19-09_DP001,GRAIN_34,TRK_34,confined,,,
MU19-09,MU19-09_DP001,GRAIN_35,TRK_35,confined,,,
MU19-11,MU19-11_DP001,GRAIN_36,TRK_36,confined,,,
MU19-11,MU19-11_DP001,GRAIN_37,TRK_37,confined,,,
MU19-11,MU19-11_DP001,GRAIN_38,TRK_38,confined,,,
MU19-11,MU19-11_DP001,GRAIN_39,TRK_39,confined,,,
MU19-11,MU19-11_DP001,GRAIN_40,TRK_40,confined,,,
MU19-11,MU19-11_DP001,GRAIN_41,TRK_41,confined,,,
MU19-11,MU19-11_DP001,GRAIN_42,TRK_42,confined,,,
MU19-11,MU19-11_DP001,GRAIN_43,TRK_43,confined,,,
MU19-11,MU19-11_DP001,GRAIN_44,TRK_44,confined,,,
MU19-11,MU19-11_DP001,GRAIN_45,TRK_45,confined,,,
MU19-11,MU19-11_DP001,GRAIN_46,TRK_46,confined,,,
MU19-11,MU19-11_DP001,GRAIN_47,TRK_47,confined,,,
MU19-11,MU19-11_DP001,GRAIN_48,TRK_48,confined,,,
MU19-11,MU19-11_DP001,GRAIN_49,TRK_49,confined,,,
MU19-11,MU19-11_DP001,GRAIN_50,TRK_50,confined,,,
MU19-11,MU19-11_DP001,GRAIN_51,TRK_51,confined,,,
MU19-11,MU19-11_DP001,GRAIN_52,TRK_52,confined,,,
MU19-11,MU19-11_DP001,GRAIN_53,TRK_53,confined,,,
MU19-11,MU19-11_DP001,GRAIN_54,TRK_54,confined,,,
MU19-11,MU19-11_DP001,GRAIN_55,TRK_55,confined,,,
MU19-11,MU19-11_DP001,GRAIN_56,TRK_56,confined,,,
MU19-11,MU19-11_DP001,GRAIN_57,TRK_57,confined,,,
MU19-11,MU19-11_DP001,GRAIN_58,TRK_58,confined,,,
MU19-11,MU19-11_DP001,GRAIN_59,TRK_59,confined,,,
MU19-11,MU19-11_DP001,GRAIN_60,TRK_60,confined,,,
MU19-11,MU19-11_DP001,GRAIN_61,TRK_61,confined,,,
MU19-11,MU19-11_DP001,GRAIN_62,TRK_62,confined,,,
MU19-11,MU19-11_DP001,GRAIN_63,TRK_63,confined,,,
MU19-11,MU19-11_DP001,GRAIN_64,TRK_64,confined,,,
MU19-11,MU19-11_DP001,GRAIN_65,TRK_65,confined,,,
MU19-11,MU19-11_DP001,GRAIN_66,TRK_66,confined,,,
MU19-11,MU19-11_DP001,GRAIN_67,TRK_67,confined,,,
MU19-11,MU19-11_DP001,GRAIN_68,TRK_68,confined,,,
MU19-11,MU19-11_DP001,GRAIN_69,TRK_69,confined,,,
MU19-11,MU19-11_DP001,GRAIN_70,TRK_70,confined,,,
MU19-12,MU19-12_DP001,GRAIN_71,TRK_71,confined,,,
MU19-12,MU19-12_DP001,GRAIN_72,TRK_72,confined,,,
MU19-12,MU19-12_DP001,GRAIN_73,TRK_73,confined,,,
MU19-12,MU19-12_DP001,GRAIN_74,TRK_74,confined,,,
MU19-12,MU19-12_DP001,GRAIN_75,TRK_75,confined,,,
MU19-12,MU19-12_DP001,GRAIN_76,TRK_76,confined,,,
MU19-12,MU19-12_DP001,GRAIN_77,TRK_77,confined,,,
MU19-12,MU19-12_DP001,GRAIN_78,TRK_78,confined,,,
MU19-12,MU19-12_DP001,GRAIN_79,TRK_79,confined,,,
MU19-12,MU19-12_DP001,GRAIN_80,TRK_80,confined,,,
MU19-12,MU19-12_DP001,GRAIN_81,TRK_81,confined,,,
MU19-12,MU19-12_DP001,GRAIN_82,TRK_82,confined,,,
MU19-12,MU19-12_DP001,GRAIN_83,TRK_83,confined,,,
MU19-12,MU19-12_DP001,GRAIN_84,TRK_84,confined,,,
MU19-12,MU19-12_DP001,GRAIN_85,TRK_85,confined,,,
MU19-12,MU19-12_DP001,GRAIN_86,TRK_86,confined,,,
MU19-12,MU19-12_DP001,GRAIN_87,TRK_87,confined,,,
MU19-12,MU19-12_DP001,GRAIN_88,TRK_88,confined,,,
MU19-12,MU19-12_DP001,GRAIN_89,TRK_89,confined,,,
MU19-12,MU19-12_DP001,GRAIN_90,TRK_90,confined,,,
MU19-12,MU19-12_DP001,GRAIN_91,TRK_91,confined,,,
MU19-12,MU19-12_DP001,GRAIN_92,TRK_92,confined,,,
MU19-12,MU19-12_DP001,GRAIN_93,TRK_93,confined,,,
MU19-12,MU19-12_DP001,GRAIN_94,TRK_94,confined,,,
MU19-12,MU19-12_DP001,GRAIN_95,TRK_95,confined,,,
MU19-12,MU19-12_DP001,GRAIN_96,TRK_96,confined,,,
MU19-12,MU19-12_DP001,GRAIN_97,TRK_97,confined,,,
MU19-12,MU19-12_DP001,GRAIN_98,TRK_98,confined,,,
MU19-12,MU19-12_DP001,GRAIN_99,TRK_99,confined,,,
MU19-12,MU19-12_DP001,GRAIN_100,TRK_100,confined,,,
MU19-12,MU19-12_DP001,GRAIN_101,TRK_101,confined,,,
MU19-12,MU19-12_DP001,GRAIN_102,TRK_102,confined,,,
MU19-12,MU19-12_DP001,GRAIN_103,TRK_103,confined,,,
MU19-12,MU19-12_DP001,GRAIN_104,TRK_104,confined,,,
MU19-12,MU19-12_DP001,GRAIN_105,TRK_105,confined,,,
MU19-13,MU19-13_DP001,GRAIN_106,TRK_106,confined,,,
MU19-13,MU19-13_DP001,GRAIN_107,TRK_107,confined,,,
MU19-13,MU19-13_DP001,GRAIN_108,TRK_108,confined,,,
MU19-13,MU19-13_DP001,GRAIN_109,TRK_109,confined,,,
MU19-13,MU19-13_DP001,GRAIN_110,TRK_110,confined,,,
MU19-13,MU19-13_DP001,GRAIN_111,TRK_111,confined,,,
MU19-13,MU19-13_DP001,GRAIN_112,TRK_112,confined,,,
MU19-13,MU19-13_DP001,GRAIN_113,TRK_113,confined,,,
MU19-13,MU19-13_DP001,GRAIN_114,TRK_114,confined,,,
MU19-13,MU19-13_DP001,GRAIN_115,TRK_115,confined,,,
MU19-13,MU19-13_DP001,GRAIN_116,TRK_116,confined,,,
MU19-13,MU19-13_DP001,GRAIN_117,TRK_117,confined,,,
MU19-13,MU19-13_DP001,GRAIN_118,TRK_118,confined,,,
MU19-13,MU19-13_DP001,GRAIN_119,TRK_119,confined,,,
MU19-13,MU19-13_DP001,GRAIN_120,TRK_120,confined,,,
MU19-13,MU19-13_DP001,GRAIN_121,TRK_121,confined,,,
MU19-13,MU19-13_DP001,GRAIN_122,TRK_122,confined,,,
MU19-13,MU19-13_DP001,GRAIN_123,TRK_123,confined,,,
MU19-13,MU19-13_DP001,GRAIN_124,TRK_124,confined,,,
MU19-13,MU19-13_DP001,GRAIN_125,TRK_125,confined,,,
MU19-13,MU19-13_DP001,GRAIN_126,TRK_126,confined,,,
MU19-13,MU19-13_DP001,GRAIN_127,TRK_127,confined,,,
MU19-13,MU19-13_DP001,GRAIN_128,TRK_128,confined,,,
MU19-13,MU19-13_DP001,GRAIN_129,TRK_129,confined,,,
MU19-13,MU19-13_DP001,GRAIN_130,TRK_130,confined,,,
MU19-13,MU19-13_DP001,GRAIN_131,TRK_131,confined,,,
MU19-13,MU19-13_DP001,GRAIN_132,TRK_132,confined,,,
MU19-13,MU19-13_DP001,GRAIN_133,TRK_133,confined,,,
MU19-13,MU19-13_DP001,GRAIN_134,TRK_134,confined,,,
MU19-13,MU19-13_DP001,GRAIN_135,TRK_135,confined,,,
MU19-13,MU19-13_DP001,GRAIN_136,TRK_136,confined,,,
MU19-13,MU19-13_DP001,GRAIN_137,TRK_137,confined,,,
MU19-13,MU19-13_DP001,GRAIN_138,TRK_138,confined,,,
MU19-13,MU19-13_DP001,GRAIN_139,TRK_139,confined,,,
MU19-13,MU19-13_DP001,GRAIN_140,TRK_140,confined,,,
MU19-13,MU19-13_DP001,GRAIN_141,TRK_141,confined,,,
MU19-14,MU19-14_DP001,GRAIN_142,TRK_142,confined,,,
MU19-14,MU19-14_DP001,GRAIN_143,TRK_143,confined,,,
MU19-14,MU19-14_DP001,GRAIN_144,TRK_144,confined,,,
MU19-14,MU19-14_DP001,GRAIN_145,TRK_145,confined,,,
MU19-14,MU19-14_DP001,GRAIN_146,TRK_146,confined,,,
MU19-14,MU19-14_DP001,GRAIN_147,TRK_147,confined,,,
MU19-14,MU19-14_DP001,GRAIN_148,TRK_148,confined,,,
MU19-14,MU19-14_DP001,GRAIN_149,TRK_149,confined,,,
MU19-14,MU19-14_DP001,GRAIN_150,TRK_150,confined,,,
MU19-14,MU19-14_DP001,GRAIN_151,TRK_151,confined,,,
MU19-14,MU19-14_DP001,GRAIN_152,TRK_152,confined,,,
MU19-14,MU19-14_DP001,GRAIN_153,TRK_153,confined,,,
MU19-14,MU19-14_DP001,GRAIN_154,TRK_154,confined,,,
MU19-14,MU19-14_DP001,GRAIN_155,TRK_155,confined,,,
MU19-14,MU19-14_DP001,GRAIN_156,TRK_156,confined,,,
MU19-14,MU19-14_DP001,GRAIN_157,TRK_157,confined,,,
MU19-14,MU19-14_DP001,GRAIN_158,TRK_158,confined,,,
MU19-14,MU19-14_DP001,GRAIN_159,TRK_159,confined,,,
MU19-14,MU19-14_DP001,GRAIN_160,TRK_160,confined,,,
MU19-14,MU19-14_DP001,GRAIN_161,TRK_161,confined,,,
MU19-14,MU19-14_DP001,GRAIN_162,TRK_162,confined,,,
MU19-14,MU19-14_DP001,GRAIN_163,TRK_163,confined,,,
MU19-14,MU19-14_DP001,GRAIN_164,TRK_164,confined,,,
MU19-14,MU19-14_DP001,GRAIN_165,TRK_165,confined,,,
MU19-14,MU19-14_DP001,GRAIN_166,TRK_166,confined,,,
MU19-14,MU19-14_DP001,GRAIN_167,TRK_167,confined,,,
MU19-14,MU19-14_DP001,GRAIN_168,TRK_168,confined,,,
MU19-14,MU19-14_DP001,GRAIN_169,TRK_169,confined,,,
MU19-14,MU19-14_DP001,GRAIN_170,TRK_170,confined,,,
MU19-14,MU19-14_DP001,GRAIN_171,TRK_171,confined,,,
MU19-14,MU19-14_DP001,GRAIN_172,TRK_172,confined,,,
MU19-14,MU19-14_DP001,GRAIN_173,TRK_173,confined,,,
MU19-14,MU19-14_DP001,GRAIN_174,TRK_174,confined,,,
MU19-14,MU19-14_DP001,GRAIN_175,TRK_175,confined,,,
MU19-14,MU19-14_DP001,GRAIN_176,TRK_176,confined,,,
MU19-15,MU19-15_DP001,GRAIN_177,TRK_177,confined,,,
MU19-15,MU19-15_DP001,GRAIN_178,TRK_178,confined,,,
MU19-15,MU19-15_DP001,GRAIN_179,TRK_179,confined,,,
MU19-15,MU19-15_DP001,GRAIN_180,TRK_180,confined,,,
MU19-15,MU19-15_DP001,GRAIN_181,TRK_181,confined,,,
MU19-15,MU19-15_DP001,GRAIN_182,TRK_182,confined,,,
MU19-15,MU19-15_DP001,GRAIN_183,TRK_183,confined,,,
MU19-15,MU19-15_DP001,GRAIN_184,TRK_184,confined,,,
MU19-15,MU19-15_DP001,GRAIN_185,TRK_185,confined,,,
MU19-15,MU19-15_DP001,GRAIN_186,TRK_186,confined,,,
MU19-15,MU19-15_DP001,GRAIN_187,TRK_187,confined,,,
MU19-15,MU19-15_DP001,GRAIN_188,TRK_188,confined,,,
MU19-15,MU19-15_DP001,GRAIN_189,TRK_189,confined,,,
MU19-15,MU19-15_DP001,GRAIN_190,TRK_190,confined,,,
MU19-15,MU19-15_DP001,GRAIN_191,TRK_191,confined,,,
MU19-15,MU19-15_DP001,GRAIN_192,TRK_192,confined,,,
MU19-15,MU19-15_DP001,GRAIN_193,TRK_193,confined,,,
MU19-15,MU19-15_DP001,GRAIN_194,TRK_194,confined,,,
MU19-15,MU19-15_DP001,GRAIN_195,TRK_195,confined,,,
MU19-15,MU19-15_DP001,GRAIN_196,TRK_196,confined,,,
MU19-15,MU19-15_DP001,GRAIN_197,TRK_197,confined,,,
MU19-15,MU19-15_DP001,GRAIN_198,TRK_198,confined,,,
MU19-15,MU19-15_DP001,GRAIN_199,TRK_199,confined,,,
MU19-15,MU19-15_DP001,GRAIN_200,TRK_200,confined,,,
MU19-15,MU19-15_DP001,GRAIN_201,TRK_201,confined,,,
MU19-15,MU19-15_DP001,GRAIN_202,TRK_202,confined,,,
MU19-15,MU19-15_DP001,GRAIN_203,TRK_203,confined,,,
MU19-15,MU19-15_DP001,GRAIN_204,TRK_204,confined,,,
MU19-15,MU19-15_DP001,GRAIN_205,TRK_205,confined,,,
MU19-15,MU19-15_DP001,GRAIN_206,TRK_206,confined,,,
MU19-15,MU19-15_DP001,GRAIN_207,TRK_207,confined,,,
MU19-15,MU19-15_DP001,GRAIN_208,TRK_208,confined,,,
MU19-16,MU19-16_DP001,GRAIN_209,TRK_209,confined,,,
MU19-16,MU19-16_DP001,GRAIN_210,TRK_210,confined,,,
MU19-16,MU19-16_DP001,GRAIN_211,TRK_211,confined,,,
MU19-16,MU19-16_DP001,GRAIN_212,TRK_212,confined,,,
MU19-16,MU19-16_DP001,GRAIN_213,TRK_213,confined,,,
MU19-16,MU19-16_DP001,GRAIN_214,TRK_214,confined,,,
MU19-16,MU19-16_DP001,GRAIN_215,TRK_215,confined,,,
MU19-16,MU19-16_DP001,GRAIN_216,TRK_216,confined,,,
MU19-16,MU19-16_DP001,GRAIN_217,TRK_217,confined,,,
MU19-16,MU19-16_DP001,GRAIN_218,TRK_218,confined,,,
MU19-16,MU19-16_DP001,GRAIN_219,TRK_219,confined,,,
MU19-16,MU19-16_DP001,GRAIN_220,TRK_220,confined,,,
MU19-16,MU19-16_DP001,GRAIN_221,TRK_221,confined,,,
MU19-16,MU19-16_DP001,GRAIN_222,TRK_222,confined,,,
MU19-16,MU19-16_DP001,GRAIN_223,TRK_223,confined,,,
MU19-16,MU19-16_DP001,GRAIN_224,TRK_224,confined,,,
MU19-16,MU19-16_DP001,GRAIN_225,TRK_225,confined,,,
MU19-16,MU19-16_DP001,GRAIN_226,TRK_226,confined,,,
MU19-16,MU19-16_DP001,GRAIN_227,TRK_227,confined,,,
MU19-16,MU19-16_DP001,GRAIN_228,TRK_228,confined,,,
MU19-16,MU19-16_DP001,GRAIN_229,TRK_229,confined,,,
MU19-16,MU19-16_DP001,GRAIN_230,TRK_230,confined,,,
MU19-16,MU19-16_DP001,GRAIN_231,TRK_231,confined,,,
MU19-16,MU19-16_DP001,GRAIN_232,TRK_232,confined,,,
MU19-16,MU19-16_DP001,GRAIN_233,TRK_233,confined,,,
MU19-16,MU19-16_DP001,GRAIN_234,TRK_234,confined,,,
MU19-16,MU19-16_DP001,GRAIN_235,TRK_235,confined,,,
MU19-16,MU19-16_DP001,GRAIN_236,TRK_236,confined,,,
MU19-16,MU19-16_DP001,GRAIN_237,TRK_237,confined,,,
MU19-16,MU19-16_DP001,GRAIN_238,TRK_238,confined,,,
MU19-16,MU19-16_DP001,GRAIN_239,TRK_239,confined,,,
MU19-16,MU19-16_DP001,GRAIN_240,TRK_240,confined,,,
MU19-16,MU19-16_DP001,GRAIN_241,TRK_241,confined,,,
MU19-16,MU19-16_DP001,GRAIN_242,TRK_242,confined,,,
MU19-16,MU19-16_DP001,GRAIN_243,TRK_243,confined,,,
MU19-17,MU19-17_DP001,GRAIN_244,TRK_244,confined,,,
MU19-17,MU19-17_DP001,GRAIN_245,TRK_245,confined,,,
MU19-17,MU19-17_DP001,GRAIN_246,TRK_246,confined,,,
MU19-17,MU19-17_DP001,GRAIN_247,TRK_247,confined,,,
MU19-17,MU19-17_DP001,GRAIN_248,TRK_248,confined,,,
MU19-17,MU19-17_DP001,GRAIN_249,TRK_249,confined,,,
MU19-17,MU19-17_DP001,GRAIN_250,TRK_250,confined,,,
MU19-17,MU19-17_DP001,GRAIN_251,TRK_251,confined,,,
MU19-17,MU19-17_DP001,GRAIN_252,TRK_252,confined,,,
MU19-17,MU19-17_DP001,GRAIN_253,TRK_253,confined,,,
MU19-17,MU19-17_DP001,GRAIN_254,TRK_254,confined,,,
MU19-17,MU19-17_DP001,GRAIN_255,TRK_255,confined,,,
MU19-17,MU19-17_DP001,GRAIN_256,TRK_256,confined,,,
MU19-17,MU19-17_DP001,GRAIN_257,TRK_257,confined,,,
MU19-17,MU19-17_DP001,GRAIN_258,TRK_258,confined,,,
MU19-17,MU19-17_DP001,GRAIN_259,TRK_259,confined,,,
MU19-17,MU19-17_DP001,GRAIN_260,TRK_260,confined,,,
MU19-17,MU19-17_DP001,GRAIN_261,TRK_261,confined,,,
MU19-17,MU19-17_DP001,GRAIN_262,TRK_262,confined,,,
MU19-17,MU19-17_DP001,GRAIN_263,TRK_263,confined,,,
MU19-17,MU19-17_DP001,GRAIN_264,TRK_264,confined,,,
MU19-17,MU19-17_DP001,GRAIN_265,TRK_265,confined,,,
MU19-17,MU19-17_DP001,GRAIN_266,TRK_266,confined,,,
MU19-17,MU19-17_DP001,GRAIN_267,TRK_267,confined,,,
MU19-17,MU19-17_DP001,GRAIN_268,TRK_268,confined,,,
MU19-17,MU19-17_DP001,GRAIN_269,TRK_269,confined,,,
MU19-17,MU19-17_DP001,GRAIN_270,TRK_270,confined,,,
MU19-17,MU19-17_DP001,GRAIN_271,TRK_271,confined,,,
MU19-17,MU19-17_DP001,GRAIN_272,TRK_272,confined,,,
MU19-17,MU19-17_DP001,GRAIN_273,TRK_273,confined,,,
MU19-17,MU19-17_DP001,GRAIN_274,TRK_274,confined,,,
MU19-17,MU19-17_DP001,GRAIN_275,TRK_275,confined,,,
MU19-17,MU19-17_DP001,GRAIN_276,TRK_276,confined,,,
MU19-17,MU19-17_DP001,GRAIN_277,TRK_277,confined,,,
MU19-17,MU19-17_DP001,GRAIN_278,TRK_278,confined,,,
MU19-18,MU19-18_DP001,GRAIN_279,TRK_279,confined,,,
MU19-18,MU19-18_DP001,GRAIN_280,TRK_280,confined,,,
MU19-18,MU19-18_DP001,GRAIN_281,TRK_281,confined,,,
MU19-18,MU19-18_DP001,GRAIN_282,TRK_282,confined,,,
MU19-18,MU19-18_DP001,GRAIN_283,TRK_283,confined,,,
MU19-18,MU19-18_DP001,GRAIN_284,TRK_284,confined,,,
MU19-18,MU19-18_DP001,GRAIN_285,TRK_285,confined,,,
MU19-18,MU19-18_DP001,GRAIN_286,TRK_286,confined,,,
MU19-18,MU19-18_DP001,GRAIN_287,TRK_287,confined,,,
MU19-18,MU19-18_DP001,GRAIN_288,TRK_288,confined,,,
MU19-18,MU19-18_DP001,GRAIN_289,TRK_289,confined,,,
MU19-18,MU19-18_DP001,GRAIN_290,TRK_290,confined,,,
MU19-18,MU19-18_DP001,GRAIN_291,TRK_291,confined,,,
MU19-18,MU19-18_DP001,GRAIN_292,TRK_292,confined,,,
MU19-18,MU19-18_DP001,GRAIN_293,TRK_293,confined,,,
MU19-18,MU19-18_DP001,GRAIN_294,TRK_294,confined,,,
MU19-18,MU19-18_DP001,GRAIN_295,TRK_295,confined,,,
MU19-18,MU19-18_DP001,GRAIN_296,TRK_296,confined,,,
MU19-18,MU19-18_DP001,GRAIN_297,TRK_297,confined,,,
MU19-18,MU19-18_DP001,GRAIN_298,TRK_298,confined,,,
MU19-18,MU19-18_DP001,GRAIN_299,TRK_299,confined,,,
MU19-18,MU19-18_DP001,GRAIN_300,TRK_300,confined,,,
MU19-18,MU19-18_DP001,GRAIN_301,TRK_301,confined,,,
MU19-18,MU19-18_DP001,GRAIN_302,TRK_302,confined,,,
MU19-18,MU19-18_DP001,GRAIN_303,TRK_303,confined,,,
MU19-18,MU19-18_DP001,GRAIN_304,TRK_304,confined,,,
MU19-18,MU19-18_DP001,GRAIN_305,TRK_305,confined,,,
MU19-18,MU19-18_DP001,GRAIN_306,TRK_306,confined,,,
MU19-18,MU19-18_DP001,GRAIN_307,TRK_307,confined,,,
MU19-18,MU19-18_DP001,GRAIN_308,TRK_308,confined,,,
MU19-18,MU19-18_DP001,GRAIN_309,TRK_309,confined,,,
MU19-18,MU19-18_DP001,GRAIN_310,TRK_310,confined,,,
MU19-18,MU19-18_DP001,GRAIN_311,TRK_311,confined,,,
MU19-18,MU19-18_DP001,GRAIN_312,TRK_312,confined,,,
MU19-18,MU19-18_DP001,GRAIN_313,TRK_313,confined,,,
MU19-20,MU19-20_DP001,GRAIN_314,TRK_314,confined,,,
MU19-20,MU19-20_DP001,GRAIN_315,TRK_315,confined,,,
MU19-20,MU19-20_DP001,GRAIN_316,TRK_316,confined,,,
MU19-20,MU19-20_DP001,GRAIN_317,TRK_317,confined,,,
MU19-20,MU19-20_DP001,GRAIN_318,TRK_318,confined,,,
MU19-20,MU19-20_DP001,GRAIN_319,TRK_319,confined,,,
MU19-20,MU19-20_DP001,GRAIN_320,TRK_320,confined,,,
MU19-20,MU19-20_DP001,GRAIN_321,TRK_321,confined,,,
MU19-20,MU19-20_DP001,GRAIN_322,TRK_322,confined,,,
MU19-20,MU19-20_DP001,GRAIN_323,TRK_323,confined,,,
MU19-20,MU19-20_DP001,GRAIN_324,TRK_324,confined,,,
MU19-20,MU19-20_DP001,GRAIN_325,TRK_325,confined,,,
MU19-20,MU19-20_DP001,GRAIN_326,TRK_326,confined,,,
MU19-20,MU19-20_DP001,GRAIN_327,TRK_327,confined,,,
MU19-20,MU19-20_DP001,GRAIN_328,TRK_328,confined,,,
MU19-20,MU19-20_DP001,GRAIN_329,TRK_329,confined,,,
MU19-20,MU19-20_DP001,GRAIN_330,TRK_330,confined,,,
MU19-20,MU19-20_DP001,GRAIN_331,TRK_331,confined,,,
MU19-20,MU19-20_DP001,GRAIN_332,TRK_332,confined,,,
MU19-20,MU19-20_DP001,GRAIN_333,TRK_333,confined,,,
MU19-20,MU19-20_DP001,GRAIN_334,TRK_334,confined,,,
MU19-20,MU19-20_DP001,GRAIN_335,TRK_335,confined,,,
MU19-20,MU19-20_DP001,GRAIN_336,TRK_336,confined,,,
MU19-20,MU19-20_DP001,GRAIN_337,TRK_337,confined,,,
MU19-20,MU19-20_DP001,GRAIN_338,TRK_338,confined,,,
MU19-20,MU19-20_DP001,GRAIN_339,TRK_339,confined,,,
MU19-20,MU19-20_DP001,GRAIN_340,TRK_340,confined,,,
MU19-20,MU19-20_DP001,GRAIN_341,TRK_341,confined,,,
MU19-20,MU19-20_DP001,GRAIN_342,TRK_342,confined,,,
MU19-20,MU19-20_DP001,GRAIN_343,TRK_343,confined,,,
MU19-20,MU19-20_DP001,GRAIN_344,TRK_344,confined,,,
MU19-20,MU19-20_DP001,GRAIN_345,TRK_345,confined,,,
MU19-20,MU19-20_DP001,GRAIN_346,TRK_346,confined,,,
MU19-20,MU19-20_DP001,GRAIN_347,TRK_347,confined,,,
MU19-20,MU19-20_DP001,GRAIN_348,TRK_348,confined,,,
MU19-22,MU19-22_DP001,GRAIN_349,TRK_349,confined,,,
MU19-22,MU19-22_DP001,GRAIN_350,TRK_350,confined,,,
MU19-22,MU19-22_DP001,GRAIN_351,TRK_351,confined,,,
MU19-22,MU19-22_DP001,GRAIN_352,TRK_352,confined,,,
MU19-22,MU19-22_DP001,GRAIN_353,TRK_353,confined,,,
MU19-22,MU19-22_DP001,GRAIN_354,TRK_354,confined,,,
MU19-22,MU19-22_DP001,GRAIN_355,TRK_355,confined,,,
MU19-22,MU19-22_DP001,GRAIN_356,TRK_356,confined,,,
MU19-22,MU19-22_DP001,GRAIN_357,TRK_357,confined,,,
MU19-22,MU19-22_DP001,GRAIN_358,TRK_358,confined,,,
MU19-22,MU19-22_DP001,GRAIN_359,TRK_359,confined,,,
MU19-22,MU19-22_DP001,GRAIN_360,TRK_360,confined,,,
MU19-22,MU19-22_DP001,GRAIN_361,TRK_361,confined,,,
MU19-22,MU19-22_DP001,GRAIN_362,TRK_362,confined,,,
MU19-22,MU19-22_DP001,GRAIN_363,TRK_363,confined,,,
MU19-22,MU19-22_DP001,GRAIN_364,TRK_364,confined,,,
MU19-22,MU19-22_DP001,GRAIN_365,TRK_365,confined,,,
MU19-22,MU19-22_DP001,GRAIN_366,TRK_366,confined,,,
MU19-22,MU19-22_DP001,GRAIN_367,TRK_367,confined,,,
MU19-22,MU19-22_DP001,GRAIN_368,TRK_368,confined,,,
MU19-22,MU19-22_DP001,GRAIN_369,TRK_369,confined,,,
MU19-22,MU19-22_DP001,GRAIN_370,TRK_370,confined,,,
MU19-22,MU19-22_DP001,GRAIN_371,TRK_371,confined,,,
MU19-22,MU19-22_DP001,GRAIN_372,TRK_372,confined,,,
MU19-22,MU19-22_DP001,GRAIN_373,TRK_373,confined,,,
MU19-22,MU19-22_DP001,GRAIN_374,TRK_374,confined,,,
MU19-22,MU19-22_DP001,GRAIN_375,TRK_375,confined,,,
MU19-24,MU19-24_DP001,GRAIN_376,TRK_376,confined,,,
MU19-24,MU19-24_DP001,GRAIN_377,TRK_377,confined,,,
MU19-24,MU19-24_DP001,GRAIN_378,TRK_378,confined,,,
MU19-24,MU19-24_DP001,GRAIN_379,TRK_379,confined,,,
MU19-24,MU19-24_DP001,GRAIN_380,TRK_380,confined,,,
MU19-24,MU19-24_DP001,GRAIN_381,TRK_381,confined,,,
MU19-24,MU19-24_DP001,GRAIN_382,TRK_382,confined,,,
MU19-24,MU19-24_DP001,GRAIN_383,TRK_383,confined,,,
MU19-24,MU19-24_DP001,GRAIN_384,TRK_384,confined,,,
MU19-24,MU19-24_DP001,GRAIN_385,TRK_385,confined,,,
MU19-24,MU19-24_DP001,GRAIN_386,TRK_386,confined,,,
MU19-24,MU19-24_DP001,GRAIN_387,TRK_387,confined,,,
MU19-24,MU19-24_DP001,GRAIN_388,TRK_388,confined,,,
MU19-24,MU19-24_DP001,GRAIN_389,TRK_389,confined,,,
MU19-24,MU19-24_DP001,GRAIN_390,TRK_390,confined,,,
MU19-24,MU19-24_DP001,GRAIN_391,TRK_391,confined,,,
MU19-24,MU19-24_DP001,GRAIN_392,TRK_392,confined,,,
MU19-24,MU19-24_DP001,GRAIN_393,TRK_393,confined,,,
MU19-24,MU19-24_DP001,GRAIN_394,TRK_394,confined,,,
MU19-24,MU19-24_DP001,GRAIN_395,TRK_395,confined,,,
MU19-24,MU19-24_DP001,GRAIN_396,TRK_396,confined,,,
MU19-24,MU19-24_DP001,GRAIN_397,TRK_397,confined,,,
MU19-24,MU19-24_DP001,GRAIN_398,TRK_398,confined,,,
MU19-24,MU19-24_DP001,GRAIN_399,TRK_399,confined,,,
MU19-24,MU19-24_DP001,GRAIN_400,TRK_400,confined,,,
MU19-24,MU19-24_DP001,GRAIN_401,TRK_401,confined,,,
MU19-24,MU19-24_DP001,GRAIN_402,TRK_402,confined,,,
MU19-24,MU19-24_DP001,GRAIN_403,TRK_403,confined,,,
MU19-24,MU19-24_DP001,GRAIN_404,TRK_404,confined,,,
MU19-24,MU19-24_DP001,GRAIN_405,TRK_405,confined,,,
MU19-24,MU19-24_DP001,GRAIN_406,TRK_406,confined,,,
MU19-24,MU19-24_DP001,GRAIN_407,TRK_407,confined,,,
MU19-24,MU19-24_DP001,GRAIN_408,TRK_408,confined,,,
MU19-24,MU19-24_DP001,GRAIN_409,TRK_409,confined,,,
MU19-24,MU19-24_DP001,GRAIN_410,TRK_410,confined,,,
MU19-25,MU19-25_DP001,GRAIN_411,TRK_411,confined,,,
MU19-25,MU19-25_DP001,GRAIN_412,TRK_412,confined,,,
MU19-25,MU19-25_DP001,GRAIN_413,TRK_413,confined,,,
MU19-25,MU19-25_DP001,GRAIN_414,TRK_414,confined,,,
MU19-25,MU19-25_DP001,GRAIN_415,TRK_415,confined,,,
MU19-25,MU19-25_DP001,GRAIN_416,TRK_416,confined,,,
MU19-25,MU19-25_DP001,GRAIN_417,TRK_417,confined,,,
MU19-25,MU19-25_DP001,GRAIN_418,TRK_418,confined,,,
MU19-25,MU19-25_DP001,GRAIN_419,TRK_419,confined,,,
MU19-25,MU19-25_DP001,GRAIN_420,TRK_420,confined,,,
MU19-25,MU19-25_DP001,GRAIN_421,TRK_421,confined,,,
MU19-25,MU19-25_DP001,GRAIN_422,TRK_422,confined,,,
MU19-25,MU19-25_DP001,GRAIN_423,TRK_423,confined,,,
MU19-25,MU19-25_DP001,GRAIN_424,TRK_424,confined,,,
MU19-25,MU19-25_DP001,GRAIN_425,TRK_425,confined,,,
MU19-25,MU19-25_DP001,GRAIN_426,TRK_426,confined,,,
MU19-25,MU19-25_DP001,GRAIN_427,TRK_427,confined,,,
MU19-25,MU19-25_DP001,GRAIN_428,TRK_428,confined,,,
MU19-25,MU19-25_DP001,GRAIN_429,TRK_429,confined,,,
MU19-25,MU19-25_DP001,GRAIN_430,TRK_430,confined,,,
MU19-25,MU19-25_DP001,GRAIN_431,TRK_431,confined,,,
MU19-25,MU19-25_DP001,GRAIN_432,TRK_432,confined,,,
MU19-25,MU19-25_DP001,GRAIN_433,TRK_433,confined,,,
MU19-25,MU19-25_DP001,GRAIN_434,TRK_434,confined,,,
MU19-25,MU19-25_DP001,GRAIN_435,TRK_435,confined,,,
MU19-25,MU19-25_DP001,GRAIN_436,TRK_436,confined,,,
MU19-25,MU19-25_DP001,GRAIN_437,TRK_437,confined,,,
MU19-25,MU19-25_DP001,GRAIN_438,TRK_438,confined,,,
MU19-25,MU19-25_DP001,GRAIN_439,TRK_439,confined,,,
MU19-25,MU19-25_DP001,GRAIN_440,TRK_440,confined,,,
MU19-25,MU19-25_DP001,GRAIN_441,TRK_441,confined,,,
MU19-25,MU19-25_DP001,GRAIN_442,TRK_442,confined,,,
MU19-25,MU19-25_DP001,GRAIN_443,TRK_443,confined,,,
MU19-25,MU19-25_DP001,GRAIN_444,TRK_444,confined,,,
MU19-25,MU19-25_DP001,GRAIN_445,TRK_445,confined,,,
MU19-26,MU19-26_DP001,GRAIN_446,TRK_446,confined,,,
MU19-26,MU19-26_DP001,GRAIN_447,TRK_447,confined,,,
MU19-26,MU19-26_DP001,GRAIN_448,TRK_448,confined,,,
MU19-26,MU19-26_DP001,GRAIN_449,TRK_449,confined,,,
MU19-26,MU19-26_DP001,GRAIN_450,TRK_450,confined,,,
MU19-26,MU19-26_DP001,GRAIN_451,TRK_451,confined,,,
MU19-26,MU19-26_DP001,GRAIN_452,TRK_452,confined,,,
MU19-26,MU19-26_DP001,GRAIN_453,TRK_453,confined,,,
MU19-26,MU19-26_DP001,GRAIN_454,TRK_454,confined,,,
MU19-26,MU19-26_DP001,GRAIN_455,TRK_455,confined,,,
MU19-26,MU19-26_DP001,GRAIN_456,TRK_456,confined,,,
MU19-26,MU19-26_DP001,GRAIN_457,TRK_457,confined,,,
MU19-26,MU19-26_DP001,GRAIN_458,TRK_458,confined,,,
MU19-26,MU19-26_DP001,GRAIN_459,TRK_459,confined,,,
MU19-26,MU19-26_DP001,GRAIN_460,TRK_460,confined,,,
MU19-26,MU19-26_DP001,GRAIN_461,TRK_461,confined,,,
MU19-26,MU19-26_DP001,GRAIN_462,TRK_462,confined,,,
MU19-26,MU19-26_DP001,GRAIN_463,TRK_463,confined,,,
MU19-26,MU19-26_DP001,GRAIN_464,TRK_464,confined,,,
MU19-26,MU19-26_DP001,GRAIN_465,TRK_465,confined,,,
MU19-26,MU19-26_DP001,GRAIN_466,TRK_466,confined,,,
MU19-26,MU19-26_DP001,GRAIN_467,TRK_467,confined,,,
MU19-26,MU19-26_DP001,GRAIN_468,TRK_468,confined,,,
MU19-26,MU19-26_DP001,GRAIN_469,TRK_469,confined,,,
MU19-26,MU19-26_DP001,GRAIN_470,TRK_470,confined,,,
MU19-26,MU19-26_DP001,GRAIN_471,TRK_471,confined,,,
MU19-26,MU19-26_DP001,GRAIN_472,TRK_472,confined,,,
MU19-26,MU19-26_DP001,GRAIN_473,TRK_473,confined,,,
MU19-26,MU19-26_DP001,GRAIN_474,TRK_474,confined,,,
MU19-26,MU19-26_DP001,GRAIN_475,TRK_475,confined,,,
MU19-26,MU19-26_DP001,GRAIN_476,TRK_476,confined,,,
MU19-26,MU19-26_DP001,GRAIN_477,TRK_477,confined,,,
MU19-26,MU19-26_DP001,GRAIN_478,TRK_478,confined,,,
MU19-26,MU19-26_DP001,GRAIN_479,TRK_479,confined,,,
MU19-26,MU19-26_DP001,GRAIN_480,TRK_480,confined,,,
MU19-28,MU19-28_DP001,GRAIN_481,TRK_481,confined,,,
MU19-28,MU19-28_DP001,GRAIN_482,TRK_482,confined,,,
MU19-28,MU19-28_DP001,GRAIN_483,TRK_483,confined,,,
MU19-28,MU19-28_DP001,GRAIN_484,TRK_484,confined,,,
MU19-28,MU19-28_DP001,GRAIN_485,TRK_485,confined,,,
MU19-28,MU19-28_DP001,GRAIN_486,TRK_486,confined,,,
MU19-28,MU19-28_DP001,GRAIN_487,TRK_487,confined,,,
MU19-28,MU19-28_DP001,GRAIN_488,TRK_488,confined,,,
MU19-28,MU19-28_DP001,GRAIN_489,TRK_489,confined,,,
MU19-28,MU19-28_DP001,GRAIN_490,TRK_490,confined,,,
MU19-28,MU19-28_DP001,GRAIN_491,TRK_491,confined,,,
MU19-28,MU19-28_DP001,GRAIN_492,TRK_492,confined,,,
MU19-28,MU19-28_DP001,GRAIN_493,TRK_493,confined,,,
MU19-28,MU19-28_DP001,GRAIN_494,TRK_494,confined,,,
MU19-28,MU19-28_DP001,GRAIN_495,TRK_495,confined,,,
MU19-28,MU19-28_DP001,GRAIN_496,TRK_496,confined,,,
MU19-28,MU19-28_DP001,GRAIN_497,TRK_497,confined,,,
MU19-28,MU19-28_DP001,GRAIN_498,TRK_498,confined,,,
MU19-28,MU19-28_DP001,GRAIN_499,TRK_499,confined,,,
MU19-28,MU19-28_DP001,GRAIN_500,TRK_500,confined,,,
MU19-28,MU19-28_DP001,GRAIN_501,TRK_501,confined,,,
MU19-28,MU19-28_DP001,GRAIN_502,TRK_502,confined,,,
MU19-28,MU19-28_DP001,GRAIN_503,TRK_503,confined,,,
MU19-28,MU19-28_DP001,GRAIN_504,TRK_504,confined,,,
MU19-28,MU19-28_DP001,GRAIN_505,TRK_505,confined,,,
MU19-28,MU19-28_DP001,GRAIN_506,TRK_506,confined,,,
MU19-28,MU19-28_DP001,GRAIN_507,TRK_507,confined,,,
MU19-28,MU19-28_DP001,GRAIN_508,TRK_508,confined,,,
MU19-28,MU19-28_DP001,GRAIN_509,TRK_509,confined,,,
MU19-28,MU19-28_DP001,GRAIN_510,TRK_510,confined,,,
MU19-29,MU19-29_DP001,GRAIN_511,TRK_511,confined,,,
MU19-29,MU19-29_DP001,GRAIN_512,TRK_512,confined,,,
MU19-29,MU19-29_DP001,GRAIN_513,TRK_513,confined,,,
MU19-29,MU19-29_DP001,GRAIN_514,TRK_514,confined,,,
MU19-29,MU19-29_DP001,GRAIN_515,TRK_515,confined,,,
MU19-29,MU19-29_DP001,GRAIN_516,TRK_516,confined,,,
MU19-29,MU19-29_DP001,GRAIN_517,TRK_517,confined,,,
MU19-29,MU19-29_DP001,GRAIN_518,TRK_518,confined,,,
MU19-29,MU19-29_DP001,GRAIN_519,TRK_519,confined,,,
MU19-29,MU19-29_DP001,GRAIN_520,TRK_520,confined,,,
MU19-29,MU19-29_DP001,GRAIN_521,TRK_521,confined,,,
MU19-29,MU19-29_DP001,GRAIN_522,TRK_522,confined,,,
MU19-29,MU19-29_DP001,GRAIN_523,TRK_523,confined,,,
MU19-29,MU19-29_DP001,GRAIN_524,TRK_524,confined,,,
MU19-29,MU19-29_DP001,GRAIN_525,TRK_525,confined,,,
MU19-29,MU19-29_DP001,GRAIN_526,TRK_526,confined,,,
MU19-29,MU19-29_DP001,GRAIN_527,TRK_527,confined,,,
MU19-29,MU19-29_DP001,GRAIN_528,TRK_528,confined,,,
MU19-29,MU19-29_DP001,GRAIN_529,TRK_529,confined,,,
MU19-29,MU19-29_DP001,GRAIN_530,TRK_530,confined,,,
MU19-29,MU19-29_DP001,GRAIN_531,TRK_531,confined,,,
MU19-29,MU19-29_DP001,GRAIN_532,TRK_532,confined,,,
MU19-29,MU19-29_DP001,GRAIN_533,TRK_533,confined,,,
MU19-29,MU19-29_DP001,GRAIN_534,TRK_534,confined,,,
MU19-29,MU19-29_DP001,GRAIN_535,TRK_535,confined,,,
MU19-29,MU19-29_DP001,GRAIN_536,TRK_536,confined,,,
MU19-29,MU19-29_DP001,GRAIN_537,TRK_537,confined,,,
MU19-29,MU19-29_DP001,GRAIN_538,TRK_538,confined,,,
MU19-29,MU19-29_DP001,GRAIN_539,TRK_539,confined,,,
MU19-30,MU19-30_DP001,GRAIN_540,TRK_540,confined,,,
MU19-30,MU19-30_DP001,GRAIN_541,TRK_541,confined,,,
MU19-30,MU19-30_DP001,GRAIN_542,TRK_542,confined,,,
MU19-30,MU19-30_DP001,GRAIN_543,TRK_543,confined,,,
MU19-30,MU19-30_DP001,GRAIN_544,TRK_544,confined,,,
MU19-30,MU19-30_DP001,GRAIN_545,TRK_545,confined,,,
MU19-30,MU19-30_DP001,GRAIN_546,TRK_546,confined,,,
MU19-30,MU19-30_DP001,GRAIN_547,TRK_547,confined,,,
MU19-30,MU19-30_DP001,GRAIN_548,TRK_548,confined,,,
MU19-30,MU19-30_DP001,GRAIN_549,TRK_549,confined,,,
MU19-30,MU19-30_DP001,GRAIN_550,TRK_550,confined,,,
MU19-30,MU19-30_DP001,GRAIN_551,TRK_551,confined,,,
MU19-30,MU19-30_DP001,GRAIN_552,TRK_552,confined,,,
MU19-30,MU19-30_DP001,GRAIN_553,TRK_553,confined,,,
MU19-30,MU19-30_DP001,GRAIN_554,TRK_554,confined,,,
MU19-30,MU19-30_DP001,GRAIN_555,TRK_555,confined,,,
MU19-30,MU19-30_DP001,GRAIN_556,TRK_556,confined,,,
MU19-30,MU19-30_DP001,GRAIN_557,TRK_557,confined,,,
MU19-30,MU19-30_DP001,GRAIN_558,TRK_558,confined,,,
MU19-30,MU19-30_DP001,GRAIN_559,TRK_559,confined,,,
MU19-30,MU19-30_DP001,GRAIN_560,TRK_560,confined,,,
MU19-30,MU19-30_DP001,GRAIN_561,TRK_561,confined,,,
MU19-30,MU19-30_DP001,GRAIN_562,TRK_562,confined,,,
MU19-30,MU19-30_DP001,GRAIN_563,TRK_563,confined,,,
MU19-30,MU19-30_DP001,GRAIN_564,TRK_564,confined,,,
MU19-30,MU19-30_DP001,GRAIN_565,TRK_565,confined,,,
MU19-30,MU19-30_DP001,GRAIN_566,TRK_566,confined,,,
MU19-30,MU19-30_DP001,GRAIN_567,TRK_567,confined,,,
MU19-30,MU19-30_DP001,GRAIN_568,TRK_568,confined,,,
MU19-30,MU19-30_DP001,GRAIN_569,TRK_569,confined,,,
MU19-30,MU19-30_DP001,GRAIN_570,TRK_570,confined,,,
MU19-30,MU19-30_DP001,GRAIN_571,TRK_571,confined,,,
MU19-30,MU19-30_DP001,GRAIN_572,TRK_572,confined,,,
MU19-30,MU19-30_DP001,GRAIN_573,TRK_573,confined,,,
MU19-30,MU19-30_DP001,GRAIN_574,TRK_574,confined,,,
MU19-33,MU19-33_DP001,GRAIN_575,TRK_575,confined,,,
MU19-33,MU19-33_DP001,GRAIN_576,TRK_576,confined,,,
MU19-33,MU19-33_DP001,GRAIN_577,TRK_577,confined,,,
MU19-33,MU19-33_DP001,GRAIN_578,TRK_578,confined,,,
MU19-33,MU19-33_DP001,GRAIN_579,TRK_579,confined,,,
MU19-33,MU19-33_DP001,GRAIN_580,TRK_580,confined,,,
MU19-33,MU19-33_DP001,GRAIN_581,TRK_581,confined,,,
MU19-33,MU19-33_DP001,GRAIN_582,TRK_582,confined,,,
MU19-33,MU19-33_DP001,GRAIN_583,TRK_583,confined,,,
MU19-33,MU19-33_DP001,GRAIN_584,TRK_584,confined,,,
MU19-33,MU19-33_DP001,GRAIN_585,TRK_585,confined,,,
MU19-33,MU19-33_DP001,GRAIN_586,TRK_586,confined,,,
MU19-33,MU19-33_DP001,GRAIN_587,TRK_587,confined,,,
MU19-33,MU19-33_DP001,GRAIN_588,TRK_588,confined,,,
MU19-33,MU19-33_DP001,GRAIN_589,TRK_589,confined,,,
MU19-33,MU19-33_DP001,GRAIN_590,TRK_590,confined,,,
MU19-33,MU19-33_DP001,GRAIN_591,TRK_591,confined,,,
MU19-33,MU19-33_DP001,GRAIN_592,TRK_592,confined,,,
MU19-33,MU19-33_DP001,GRAIN_593,TRK_593,confined,,,
MU19-33,MU19-33_DP001,GRAIN_594,TRK_594,confined,,,
MU19-33,MU19-33_DP001,GRAIN_595,TRK_595,confined,,,
MU19-33,MU19-33_DP001,GRAIN_596,TRK_596,confined,,,
MU19-33,MU19-33_DP001,GRAIN_597,TRK_597,confined,,,
MU19-33,MU19-33_DP001,GRAIN_598,TRK_598,confined,,,
MU19-33,MU19-33_DP001,GRAIN_599,TRK_599,confined,,,
MU19-33,MU19-33_DP001,GRAIN_600,TRK_600,confined,,,
MU19-33,MU19-33_DP001,GRAIN_601,TRK_601,confined,,,
MU19-33,MU19-33_DP001,GRAIN_602,TRK_602,confined,,,
MU19-33,MU19-33_DP001,GRAIN_603,TRK_603,confined,,,
MU19-33,MU19-33_DP001,GRAIN_604,TRK_604,confined,,,
MU19-33,MU19-33_DP001,GRAIN_605,TRK_605,confined,,,
MU19-33,MU19-33_DP001,GRAIN_606,TRK_606,confined,,,
MU19-33,MU19-33_DP001,GRAIN_607,TRK_607,confined,,,
MU19-33,MU19-33_DP001,GRAIN_608,TRK_608,confined,,,
MU19-33,MU19-33_DP001,GRAIN_609,TRK_609,confined,,,
MU19-34,MU19-34_DP001,GRAIN_610,TRK_610,confined,,,
MU19-34,MU19-34_DP001,GRAIN_611,TRK_611,confined,,,
MU19-34,MU19-34_DP001,GRAIN_612,TRK_612,confined,,,
MU19-34,MU19-34_DP001,GRAIN_613,TRK_613,confined,,,
MU19-34,MU19-34_DP001,GRAIN_614,TRK_614,confined,,,
MU19-34,MU19-34_DP001,GRAIN_615,TRK_615,confined,,,
MU19-34,MU19-34_DP001,GRAIN_616,TRK_616,confined,,,
MU19-34,MU19-34_DP001,GRAIN_617,TRK_617,confined,,,
MU19-34,MU19-34_DP001,GRAIN_618,TRK_618,confined,,,
MU19-34,MU19-34_DP001,GRAIN_619,TRK_619,confined,,,
MU19-34,MU19-34_DP001,GRAIN_620,TRK_620,confined,,,
MU19-34,MU19-34_DP001,GRAIN_621,TRK_621,confined,,,
MU19-34,MU19-34_DP001,GRAIN_622,TRK_622,confined,,,
MU19-34,MU19-34_DP001,GRAIN_623,TRK_623,confined,,,
MU19-34,MU19-34_DP001,GRAIN_624,TRK_624,confined,,,
MU19-34,MU19-34_DP001,GRAIN_625,TRK_625,confined,,,
MU19-34,MU19-34_DP001,GRAIN_626,TRK_626,confined,,,
MU19-34,MU19-34_DP001,GRAIN_627,TRK_627,confined,,,
MU19-34,MU19-34_DP001,GRAIN_628,TRK_628,confined,,,
MU19-34,MU19-34_DP001,GRAIN_629,TRK_629,confined,,,
MU19-34,MU19-34_DP001,GRAIN_630,TRK_630,confined,,,
MU19-34,MU19-34_DP001,GRAIN_631,TRK_631,confined,,,
MU19-34,MU19-34_DP001,GRAIN_632,TRK_632,confined,,,
MU19-34,MU19-34_DP001,GRAIN_633,TRK_633,confined,,,
MU19-34,MU19-34_DP001,GRAIN_634,TRK_634,confined,,,
MU19-34,MU19-34_DP001,GRAIN_635,TRK_635,confined,,,
MU19-34,MU19-34_DP001,GRAIN_636,TRK_636,confined,,,
MU19-34,MU19-34_DP001,GRAIN_637,TRK_637,confined,,,
MU19-34,MU19-34_DP001,GRAIN_638,TRK_638,confined,,,
MU19-34,MU19-34_DP001,GRAIN_639,TRK_639,confined,,,
MU19-34,MU19-34_DP001,GRAIN_640,TRK_640,confined,,,
MU19-34,MU19-34_DP001,GRAIN_641,TRK_641,confined,,,
MU19-34,MU19-34_DP001,GRAIN_642,TRK_642,confined,,,
MU19-34,MU19-34_DP001,GRAIN_643,TRK_643,confined,,,
MU19-34,MU19-34_DP001,GRAIN_644,TRK_644,confined,,,
MU19-36,MU19-36_DP001,GRAIN_645,TRK_645,confined,,,
MU19-36,MU19-36_DP001,GRAIN_646,TRK_646,confined,,,
MU19-36,MU19-36_DP001,GRAIN_647,TRK_647,confined,,,
MU19-36,MU19-36_DP001,GRAIN_648,TRK_648,confined,,,
MU19-36,MU19-36_DP001,GRAIN_649,TRK_649,confined,,,
MU19-36,MU19-36_DP001,GRAIN_650,TRK_650,confined,,,
MU19-36,MU19-36_DP001,GRAIN_651,TRK_651,confined,,,
MU19-36,MU19-36_DP001,GRAIN_652,TRK_652,confined,,,
MU19-36,MU19-36_DP001,GRAIN_653,TRK_653,confined,,,
MU19-36,MU19-36_DP001,GRAIN_654,TRK_654,confined,,,
MU19-36,MU19-36_DP001,GRAIN_655,TRK_655,confined,,,
MU19-36,MU19-36_DP001,GRAIN_656,TRK_656,confined,,,
MU19-36,MU19-36_DP001,GRAIN_657,TRK_657,confined,,,
MU19-36,MU19-36_DP001,GRAIN_658,TRK_658,confined,,,
MU19-36,MU19-36_DP001,GRAIN_659,TRK_659,confined,,,
MU19-36,MU19-36_DP001,GRAIN_660,TRK_660,confined,,,
MU19-36,MU19-36_DP001,GRAIN_661,TRK_661,confined,,,
MU19-36,MU19-36_DP001,GRAIN_662,TRK_662,confined,,,
MU19-36,MU19-36_DP001,GRAIN_663,TRK_663,confined,,,
MU19-36,MU19-36_DP001,GRAIN_664,TRK_664,confined,,,
MU19-36,MU19-36_DP001,GRAIN_665,TRK_665,confined,,,
MU19-36,MU19-36_DP001,GRAIN_666,TRK_666,confined,,,
MU19-36,MU19-36_DP001,GRAIN_667,TRK_667,confined,,,
MU19-36,MU19-36_DP001,GRAIN_668,TRK_668,confined,,,
MU19-36,MU19-36_DP001,GRAIN_669,TRK_669,confined,,,
MU19-36,MU19-36_DP001,GRAIN_670,TRK_670,confined,,,
MU19-36,MU19-36_DP001,GRAIN_671,TRK_671,confined,,,
MU19-36,MU19-36_DP001,GRAIN_672,TRK_672,confined,,,
MU19-36,MU19-36_DP001,GRAIN_673,TRK_673,confined,,,
MU19-36,MU19-36_DP001,GRAIN_674,TRK_674,confined,,,
MU19-36,MU19-36_DP001,GRAIN_675,TRK_675,confined,,,
MU19-36,MU19-36_DP001,GRAIN_676,TRK_676,confined,,,
MU19-36,MU19-36_DP001,GRAIN_677,TRK_677,confined,,,
MU19-36,MU19-36_DP001,GRAIN_678,TRK_678,confined,,,
MU19-37,MU19-37_DP001,GRAIN_679,TRK_679,confined,,,
MU19-37,MU19-37_DP001,GRAIN_680,TRK_680,confined,,,
MU19-37,MU19-37_DP001,GRAIN_681,TRK_681,confined,,,
MU19-37,MU19-37_DP001,GRAIN_682,TRK_682,confined,,,
MU19-37,MU19-37_DP001,GRAIN_683,TRK_683,confined,,,
MU19-37,MU19-37_DP001,GRAIN_684,TRK_684,confined,,,
MU19-37,MU19-37_DP001,GRAIN_685,TRK_685,confined,,,
MU19-37,MU19-37_DP001,GRAIN_686,TRK_686,confined,,,
MU19-37,MU19-37_DP001,GRAIN_687,TRK_687,confined,,,
MU19-37,MU19-37_DP001,GRAIN_688,TRK_688,confined,,,
MU19-37,MU19-37_DP001,GRAIN_689,TRK_689,confined,,,
MU19-37,MU19-37_DP001,GRAIN_690,TRK_690,confined,,,
MU19-37,MU19-37_DP001,GRAIN_691,TRK_691,confined,,,
MU19-37,MU19-37_DP001,GRAIN_692,TRK_692,confined,,,
MU19-37,MU19-37_DP001,GRAIN_693,TRK_693,confined,,,
MU19-37,MU19-37_DP001,GRAIN_694,TRK_694,confined,,,
MU19-37,MU19-37_DP001,GRAIN_695,TRK_695,confined,,,
MU19-37,MU19-37_DP001,GRAIN_696,TRK_696,confined,,,
MU19-37,MU19-37_DP001,GRAIN_697,TRK_697,confined,,,
MU19-37,MU19-37_DP001,GRAIN_698,TRK_698,confined,,,
MU19-37,MU19-37_DP001,GRAIN_699,TRK_699,confined,,,
MU19-37,MU19-37_DP001,GRAIN_700,TRK_700,confined,,,
MU19-37,MU19-37_DP001,GRAIN_701,TRK_701,confined,,,
MU19-37,MU19-37_DP001,GRAIN_702,TRK_702,confined,,,
MU19-37,MU19-37_DP001,GRAIN_703,TRK_703,confined,,,
MU19-37,MU19-37_DP001,GRAIN_704,TRK_704,confined,,,
MU19-37,MU19-37_DP001,GRAIN_705,TRK_705,confined,,,
MU19-37,MU19-37_DP001,GRAIN_706,TRK_706,confined,,,
MU19-37,MU19-37_DP001,GRAIN_707,TRK_707,confined,,,
MU19-37,MU19-37_DP001,GRAIN_708,TRK_708,confined,,,
MU19-37,MU19-37_DP001,GRAIN_709,TRK_709,confined,,,
MU19-37,MU19-37_DP001,GRAIN_710,TRK_710,confined,,,
MU19-39,MU19-39_DP001,GRAIN_711,TRK_711,confined,,,
MU19-39,MU19-39_DP001,GRAIN_712,TRK_712,confined,,,
MU19-39,MU19-39_DP001,GRAIN_713,TRK_713,confined,,,
MU19-39,MU19-39_DP001,GRAIN_714,TRK_714,confined,,,
MU19-39,MU19-39_DP001,GRAIN_715,TRK_715,confined,,,
MU19-39,MU19-39_DP001,GRAIN_716,TRK_716,confined,,,
MU19-39,MU19-39_DP001,GRAIN_717,TRK_717,confined,,,
MU19-39,MU19-39_DP001,GRAIN_718,TRK_718,confined,,,
MU19-39,MU19-39_DP001,GRAIN_719,TRK_719,confined,,,
MU19-39,MU19-39_DP001,GRAIN_720,TRK_720,confined,,,
MU19-39,MU19-39_DP001,GRAIN_721,TRK_721,confined,,,
MU19-39,MU19-39_DP001,GRAIN_722,TRK_722,confined,,,
MU19-39,MU19-39_DP001,GRAIN_723,TRK_723,confined,,,
MU19-39,MU19-39_DP001,GRAIN_724,TRK_724,confined,,,
MU19-39,MU19-39_DP001,GRAIN_725,TRK_725,confined,,,
MU19-39,MU19-39_DP001,GRAIN_726,TRK_726,confined,,,
MU19-39,MU19-39_DP001,GRAIN_727,TRK_727,confined,,,
MU19-39,MU19-39_DP001,GRAIN_728,TRK_728,confined,,,
MU19-39,MU19-39_DP001,GRAIN_729,TRK_729,confined,,,
MU19-39,MU19-39_DP001,GRAIN_730,TRK_730,confined,,,
MU19-39,MU19-39_DP001,GRAIN_731,TRK_731,confined,,,
MU19-39,MU19-39_DP001,GRAIN_732,TRK_732,confined,,,
MU19-39,MU19-39_DP001,GRAIN_733,TRK_733,confined,,,
MU19-39,MU19-39_DP001,GRAIN_734,TRK_734,confined,,,
MU19-39,MU19-39_DP001,GRAIN_735,TRK_735,confined,,,
MU19-39,MU19-39_DP001,GRAIN_736,TRK_736,confined,,,
MU19-39,MU19-39_DP001,GRAIN_737,TRK_737,confined,,,
MU19-39,MU19-39_DP001,GRAIN_738,TRK_738,confined,,,
MU19-39,MU19-39_DP001,GRAIN_739,TRK_739,confined,,,
MU19-39,MU19-39_DP001,GRAIN_740,TRK_740,confined,,,
MU19-39,MU19-39_DP001,GRAIN_741,TRK_741,confined,,,
MU19-39,MU19-39_DP001,GRAIN_742,TRK_742,confined,,,
MU19-39,MU19-39_DP001,GRAIN_743,TRK_743,confined,,,
MU19-39,MU19-39_DP001,GRAIN_744,TRK_744,confined,,,
MU19-39,MU19-39_DP001,GRAIN_745,TRK_745,confined,,,
MU19-47,MU19-47_DP001,GRAIN_746,TRK_746,confined,,,
MU19-47,MU19-47_DP001,GRAIN_747,TRK_747,confined,,,
MU19-47,MU19-47_DP001,GRAIN_748,TRK_748,confined,,,
MU19-47,MU19-47_DP001,GRAIN_749,TRK_749,confined,,,
MU19-47,MU19-47_DP001,GRAIN_750,TRK_750,confined,,,
MU19-47,MU19-47_DP001,GRAIN_751,TRK_751,confined,,,
MU19-47,MU19-47_DP001,GRAIN_752,TRK_752,confined,,,
MU19-47,MU19-47_DP001,GRAIN_753,TRK_753,confined,,,
MU19-47,MU19-47_DP001,GRAIN_754,TRK_754,confined,,,
MU19-47,MU19-47_DP001,GRAIN_755,TRK_755,confined,,,
MU19-47,MU19-47_DP001,GRAIN_756,TRK_756,confined,,,
MU19-47,MU19-47_DP001,GRAIN_757,TRK_757,confined,,,
MU19-47,MU19-47_DP001,GRAIN_758,TRK_758,confined,,,
MU19-47,MU19-47_DP001,GRAIN_759,TRK_759,confined,,,
MU19-47,MU19-47_DP001,GRAIN_760,TRK_760,confined,,,
MU19-47,MU19-47_DP001,GRAIN_761,TRK_761,confined,,,
MU19-47,MU19-47_DP001,GRAIN_762,TRK_762,confined,,,
MU19-47,MU19-47_DP001,GRAIN_763,TRK_763,confined,,,
MU19-47,MU19-47_DP001,GRAIN_764,TRK_764,confined,,,
MU19-47,MU19-47_DP001,GRAIN_765,TRK_765,confined,,,
MU19-47,MU19-47_DP001,GRAIN_766,TRK_766,confined,,,
MU19-47,MU19-47_DP001,GRAIN_767,TRK_767,confined,,,
MU19-47,MU19-47_DP001,GRAIN_768,TRK_768,confined,,,
MU19-47,MU19-47_DP001,GRAIN_769,TRK_769,confined,,,
MU19-47,MU19-47_DP001,GRAIN_770,TRK_770,confined,,,
MU19-47,MU19-47_DP001,GRAIN_771,TRK_771,confined,,,
MU19-47,MU19-47_DP001,GRAIN_772,TRK_772,confined,,,
MU19-47,MU19-47_DP001,GRAIN_773,TRK_773,confined,,,
MU19-47,MU19-47_DP001,GRAIN_774,TRK_774,confined,,,
MU19-47,MU19-47_DP001,GRAIN_775,TRK_775,confined,,,
MU19-47,MU19-47_DP001,GRAIN_776,TRK_776,confined,,,
MU19-47,MU19-47_DP001,GRAIN_777,TRK_777,confined,,,
MU19-47,MU19-47_DP001,GRAIN_778,TRK_778,confined,,,
MU19-49,MU19-49_DP001,GRAIN_779,TRK_779,confined,,,
MU19-49,MU19-49_DP001,GRAIN_780,TRK_780,confined,,,
MU19-49,MU19-49_DP001,GRAIN_781,TRK_781,confined,,,
MU19-49,MU19-49_DP001,GRAIN_782,TRK_782,confined,,,
MU19-49,MU19-49_DP001,GRAIN_783,TRK_783,confined,,,
MU19-49,MU19-49_DP001,GRAIN_784,TRK_784,confined,,,
MU19-49,MU19-49_DP001,GRAIN_785,TRK_785,confined,,,
MU19-49,MU19-49_DP001,GRAIN_786,TRK_786,confined,,,
MU19-49,MU19-49_DP001,GRAIN_787,TRK_787,confined,,,
MU19-49,MU19-49_DP001,GRAIN_788,TRK_788,confined,,,
MU19-49,MU19-49_DP001,GRAIN_789,TRK_789,confined,,,
MU19-49,MU19-49_DP001,GRAIN_790,TRK_790,confined,,,
MU19-49,MU19-49_DP001,GRAIN_791,TRK_791,confined,,,
MU19-49,MU19-49_DP001,GRAIN_792,TRK_792,confined,,,
MU19-49,MU19-49_DP001,GRAIN_793,TRK_793,confined,,,
MU19-49,MU19-49_DP001,GRAIN_794,TRK_794,confined,,,
MU19-49,MU19-49_DP001,GRAIN_795,TRK_795,confined,,,
MU19-49,MU19-49_DP001,GRAIN_796,TRK_796,confined,,,
MU19-49,MU19-49_DP001,GRAIN_797,TRK_797,confined,,,
MU19-49,MU19-49_DP001,GRAIN_798,TRK_798,confined,,,
MU19-49,MU19-49_DP001,GRAIN_799,TRK_799,confined,,,
MU19-49,MU19-49_DP001,GRAIN_800,TRK_800,confined,,,
MU19-49,MU19-49_DP001,GRAIN_801,TRK_801,confined,,,
MU19-49,MU19-49_DP001,GRAIN_802,TRK_802,confined,,,
MU19-49,MU19-49_DP001,GRAIN_803,TRK_803,confined,,,
MU19-49,MU19-49_DP001,GRAIN_804,TRK_804,confined,,,
MU19-49,MU19-49_DP001,GRAIN_805,TRK_805,confined,,,
MU19-49,MU19-49_DP001,GRAIN_806,TRK_806,confined,,,
MU19-49,MU19-49_DP001,GRAIN_807,TRK_807,confined,,,
MU19-49,MU19-49_DP001,GRAIN_808,TRK_808,confined,,,
MU19-49,MU19-49_DP001,GRAIN_809,TRK_809,confined,,,
MU19-49,MU19-49_DP001,GRAIN_810,TRK_810,confined,,,
MU19-50,MU19-50_DP001,GRAIN_811,TRK_811,confined,,,
MU19-50,MU19-50_DP001,GRAIN_812,TRK_812,confined,,,
MU19-50,MU19-50_DP001,GRAIN_813,TRK_813,confined,,,
MU19-50,MU19-50_DP001,GRAIN_814,TRK_814,confined,,,
MU19-50,MU19-50_DP001,GRAIN_815,TRK_815,confined,,,
MU19-50,MU19-50_DP001,GRAIN_816,TRK_816,confined,,,
MU19-50,MU19-50_DP001,GRAIN_817,TRK_817,confined,,,
MU19-50,MU19-50_DP001,GRAIN_818,TRK_818,confined,,,
MU19-50,MU19-50_DP001,GRAIN_819,TRK_819,confined,,,
MU19-50,MU19-50_DP001,GRAIN_820,TRK_820,confined,,,
MU19-50,MU19-50_DP001,GRAIN_821,TRK_821,confined,,,
MU19-50,MU19-50_DP001,GRAIN_822,TRK_822,confined,,,
MU19-50,MU19-50_DP001,GRAIN_823,TRK_823,confined,,,
MU19-50,MU19-50_DP001,GRAIN_824,TRK_824,confined,,,
MU19-50,MU19-50_DP001,GRAIN_825,TRK_825,confined,,,
MU19-50,MU19-50_DP001,GRAIN_826,TRK_826,confined,,,
MU19-50,MU19-50_DP001,GRAIN_827,TRK_827,confined,,,
MU19-50,MU19-50_DP001,GRAIN_828,TRK_828,confined,,,
MU19-50,MU19-50_DP001,GRAIN_829,TRK_829,confined,,,
MU19-50,MU19-50_DP001,GRAIN_830,TRK_830,confined,,,
MU19-50,MU19-50_DP001,GRAIN_831,TRK_831,confined,,,
MU19-50,MU19-50_DP001,GRAIN_832,TRK_832,confined,,,
MU19-50,MU19-50_DP001,GRAIN_833,TRK_833,confined,,,
MU19-50,MU19-50_DP001,GRAIN_834,TRK_834,confined,,,
MU19-50,MU19-50_DP001,GRAIN_835,TRK_835,confined,,,
MU19-50,MU19-50_DP001,GRAIN_836,TRK_836,confined,,,
MU19-50,MU19-50_DP001,GRAIN_837,TRK_837,confined,,,
MU19-50,MU19-50_DP001,GRAIN_838,TRK_838,confined,,,
MU19-50,MU19-50_DP001,GRAIN_839,TRK_839,confined,,,
MU19-50,MU19-50_DP001,GRAIN_840,TRK_840,confined,,,
MU19-50,MU19-50_DP001,GRAIN_841,TRK_841,confined,,,
MU19-50,MU19-50_DP001,GRAIN_842,TRK_842,confined,,,
MU19-50,MU19-50_DP001,GRAIN_843,TRK_843,confined,,,
MU19-50,MU19-50_DP001,GRAIN_844,TRK_844,confined,,,
MU19-50,MU19-50_DP001,GRAIN_845,TRK_845,confined,,,
MU19-51,MU19-51_DP001,GRAIN_846,TRK_846,confined,,,
MU19-51,MU19-51_DP001,GRAIN_847,TRK_847,confined,,,
MU19-51,MU19-51_DP001,GRAIN_848,TRK_848,confined,,,
MU19-51,MU19-51_DP001,GRAIN_849,TRK_849,confined,,,
MU19-51,MU19-51_DP001,GRAIN_850,TRK_850,confined,,,
MU19-51,MU19-51_DP001,GRAIN_851,TRK_851,confined,,,
MU19-51,MU19-51_DP001,GRAIN_852,TRK_852,confined,,,
MU19-51,MU19-51_DP001,GRAIN_853,TRK_853,confined,,,
MU19-51,MU19-51_DP001,GRAIN_854,TRK_854,confined,,,
MU19-51,MU19-51_DP001,GRAIN_855,TRK_855,confined,,,
MU19-51,MU19-51_DP001,GRAIN_856,TRK_856,confined,,,
MU19-51,MU19-51_DP001,GRAIN_857,TRK_857,confined,,,
MU19-51,MU19-51_DP001,GRAIN_858,TRK_858,confined,,,
MU19-51,MU19-51_DP001,GRAIN_859,TRK_859,confined,,,
MU19-51,MU19-51_DP001,GRAIN_860,TRK_860,confined,,,
MU19-51,MU19-51_DP001,GRAIN_861,TRK_861,confined,,,
MU19-51,MU19-51_DP001,GRAIN_862,TRK_862,confined,,,
MU19-51,MU19-51_DP001,GRAIN_863,TRK_863,confined,,,
MU19-51,MU19-51_DP001,GRAIN_864,TRK_864,confined,,,
MU19-51,MU19-51_DP001,GRAIN_865,TRK_865,confined,,,
MU19-51,MU19-51_DP001,GRAIN_866,TRK_866,confined,,,
MU19-51,MU19-51_DP001,GRAIN_867,TRK_867,confined,,,
MU19-51,MU19-51_DP001,GRAIN_868,TRK_868,confined,,,
MU19-51,MU19-51_DP001,GRAIN_869,TRK_869,confined,,,
MU19-51,MU19-51_DP001,GRAIN_870,TRK_870,confined,,,
MU19-51,MU19-51_DP001,GRAIN_871,TRK_871,confined,,,
MU19-51,MU19-51_DP001,GRAIN_872,TRK_872,confined,,,
MU19-51,MU19-51_DP001,GRAIN_873,TRK_873,confined,,,
MU19-51,MU19-51_DP001,GRAIN_874,TRK_874,confined,,,
MU19-51,MU19-51_DP001,GRAIN_875,TRK_875,confined,,,
MU19-51,MU19-51_DP001,GRAIN_876,TRK_876,confined,,,
MU19-51,MU19-51_DP001,GRAIN_877,TRK_877,confined,,,
MU19-51,MU19-51_DP001,GRAIN_878,TRK_878,confined,,,
MU19-51,MU19-51_DP001,GRAIN_879,TRK_879,confined,,,
MU19-51,MU19-51_DP001,GRAIN_880,TRK_880,confined,,,
MU19-52,MU19-52_DP001,GRAIN_881,TRK_881,confined,,,
MU19-52,MU19-52_DP001,GRAIN_882,TRK_882,confined,,,
MU19-52,MU19-52_DP001,GRAIN_883,TRK_883,confined,,,
MU19-52,MU19-52_DP001,GRAIN_884,TRK_884,confined,,,
MU19-52,MU19-52_DP001,GRAIN_885,TRK_885,confined,,,
MU19-52,MU19-52_DP001,GRAIN_886,TRK_886,confined,,,
MU19-52,MU19-52_DP001,GRAIN_887,TRK_887,confined,,,
MU19-52,MU19-52_DP001,GRAIN_888,TRK_888,confined,,,
MU19-52,MU19-52_DP001,GRAIN_889,TRK_889,confined,,,
MU19-52,MU19-52_DP001,GRAIN_890,TRK_890,confined,,,
MU19-52,MU19-52_DP001,GRAIN_891,TRK_891,confined,,,
MU19-52,MU19-52_DP001,GRAIN_892,TRK_892,confined,,,
MU19-52,MU19-52_DP001,GRAIN_893,TRK_893,confined,,,
MU19-52,MU19-52_DP001,GRAIN_894,TRK_894,confined,,,
MU19-52,MU19-52_DP001,GRAIN_895,TRK_895,confined,,,
MU19-52,MU19-52_DP001,GRAIN_896,TRK_896,confined,,,
MU19-52,MU19-52_DP001,GRAIN_897,TRK_897,confined,,,
MU19-52,MU19-52_DP001,GRAIN_898,TRK_898,confined,,,
MU19-52,MU19-52_DP001,GRAIN_899,TRK_899,confined,,,
MU19-52,MU19-52_DP001,GRAIN_900,TRK_900,confined,,,
MU19-52,MU19-52_DP001,GRAIN_901,TRK_901,confined,,,
MU19-52,MU19-52_DP001,GRAIN_902,TRK_902,confined,,,
MU19-52,MU19-52_DP001,GRAIN_903,TRK_903,confined,,,
MU19-52,MU19-52_DP001,GRAIN_904,TRK_904,confined,,,
MU19-52,MU19-52_DP001,GRAIN_905,TRK_905,confined,,,
MU19-52,MU19-52_DP001,GRAIN_906,TRK_906,confined,,,
MU19-52,MU19-52_DP001,GRAIN_907,TRK_907,confined,,,
MU19-53,MU19-53_DP001,GRAIN_908,TRK_908,confined,,,
MU19-53,MU19-53_DP001,GRAIN_909,TRK_909,confined,,,
MU19-53,MU19-53_DP001,GRAIN_910,TRK_910,confined,,,
MU19-53,MU19-53_DP001,GRAIN_911,TRK_911,confined,,,
MU19-53,MU19-53_DP001,GRAIN_912,TRK_912,confined,,,
MU19-53,MU19-53_DP001,GRAIN_913,TRK_913,confined,,,
MU19-53,MU19-53_DP001,GRAIN_914,TRK_914,confined,,,
MU19-53,MU19-53_DP001,GRAIN_915,TRK_915,confined,,,
MU19-53,MU19-53_DP001,GRAIN_916,TRK_916,confined,,,
MU19-53,MU19-53_DP001,GRAIN_917,TRK_917,confined,,,
MU19-53,MU19-53_DP001,GRAIN_918,TRK_918,confined,,,
MU19-53,MU19-53_DP001,GRAIN_919,TRK_919,confined,,,
MU19-53,MU19-53_DP001,GRAIN_920,TRK_920,confined,,,
MU19-53,MU19-53_DP001,GRAIN_921,TRK_921,confined,,,
MU19-53,MU19-53_DP001,GRAIN_922,TRK_922,confined,,,
MU19-53,MU19-53_DP001,GRAIN_923,TRK_923,confined,,,
MU19-53,MU19-53_DP001,GRAIN_924,TRK_924,confined,,,
MU19-53,MU19-53_DP001,GRAIN_925,TRK_925,confined,,,
MU19-53,MU19-53_DP001,GRAIN_926,TRK_926,confined,,,
MU19-53,MU19-53_DP001,GRAIN_927,TRK_927,confined,,,
MU19-53,MU19-53_DP001,GRAIN_928,TRK_928,confined,,,
MU19-53,MU19-53_DP001,GRAIN_929,TRK_929,confined,,,
MU19-53,MU19-53_DP001,GRAIN_930,TRK_930,confined,,,
MU19-53,MU19-53_DP001,GRAIN_931,TRK_931,confined,,,
MU19-53,MU19-53_DP001,GRAIN_932,TRK_932,confined,,,
MU19-53,MU19-53_DP001,GRAIN_933,TRK_933,confined,,,
MU19-53,MU19-53_DP001,GRAIN_934,TRK_934,confined,,,
MU19-53,MU19-53_DP001,GRAIN_935,TRK_935,confined,,,
MU19-53,MU19-53_DP001,GRAIN_936,TRK_936,confined,,,
MU19-53,MU19-53_DP001,GRAIN_937,TRK_937,confined,,,
MU19-53,MU19-53_DP001,GRAIN_938,TRK_938,confined,,,
MU19-54,MU19-54_DP001,GRAIN_939,TRK_939,confined,,,
MU19-54,MU19-54_DP001,GRAIN_940,TRK_940,confined,,,
MU19-54,MU19-54_DP001,GRAIN_941,TRK_941,confined,,,
MU19-54,MU19-54_DP001,GRAIN_942,TRK_942,confined,,,
MU19-54,MU19-54_DP001,GRAIN_943,TRK_943,confined,,,
MU19-54,MU19-54_DP001,GRAIN_944,TRK_944,confined,,,
MU19-54,MU19-54_DP001,GRAIN_945,TRK_945,confined,,,
MU19-54,MU19-54_DP001,GRAIN_946,TRK_946,confined,,,
MU19-54,MU19-54_DP001,GRAIN_947,TRK_947,confined,,,
MU19-54,MU19-54_DP001,GRAIN_948,TRK_948,confined,,,
MU19-54,MU19-54_DP001,GRAIN_949,TRK_949,confined,,,
MU19-54,MU19-54_DP001,GRAIN_950,TRK_950,confined,,,
MU19-54,MU19-54_DP001,GRAIN_951,TRK_951,confined,,,
MU19-54,MU19-54_DP001,GRAIN_952,TRK_952,confined,,,
MU19-54,MU19-54_DP001,GRAIN_953,TRK_953,confined,,,
MU19-54,MU19-54_DP001,GRAIN_954,TRK_954,confined,,,
MU19-54,MU19-54_DP001,GRAIN_955,TRK_955,confined,,,
MU19-54,MU19-54_DP001,GRAIN_956,TRK_956,confined,,,
MU19-54,MU19-54_DP001,GRAIN_957,TRK_957,confined,,,
MU19-54,MU19-54_DP001,GRAIN_958,TRK_958,confined,,,
MU19-54,MU19-54_DP001,GRAIN_959,TRK_959,confined,,,
MU19-54,MU19-54_DP001,GRAIN_960,TRK_960,confined,,,
MU19-54,MU19-54_DP001,GRAIN_961,TRK_961,confined,,,
MU19-54,MU19-54_DP001,GRAIN_962,TRK_962,confined,,,
MU19-54,MU19-54_DP001,GRAIN_963,TRK_963,confined,,,
MU19-54,MU19-54_DP001,GRAIN_964,TRK_964,confined,,,
MU19-54,MU19-54_DP001,GRAIN_965,TRK_965,confined,,,
MU19-54,MU19-54_DP001,GRAIN_966,TRK_966,confined,,,
MU19-54,MU19-54_DP001,GRAIN_967,TRK_967,confined,,,
MU19-54,MU19-54_DP001,GRAIN_968,TRK_968,confined,,,
MU19-54,MU19-54_DP001,GRAIN_969,TRK_969,confined,,,
MU19-54,MU19-54_DP001,GRAIN_970,TRK_970,confined,,,
MU19-54,MU19-54_DP001,GRAIN_971,TRK_971,confined,,,
MU19-54,MU19-54_DP001,GRAIN_972,TRK_972,confined,,,
MU19-54,MU19-54_DP001,GRAIN_973,TRK_973,confined,,,
MU19-54,MU19-54_DP001,GRAIN_974,TRK_974,confined,,,
MU19-54,MU19-54_DP001,GRAIN_975,TRK_975,confined,,,
